Knife/ Gloves,Skin,,,,,,,,,,,
Navaja Knife,Ultraviolet,Prisma 2 Case,Prisma Case,,,,,,,,,
Navaja Knife,Marble Fade,Prisma 2 Case,Prisma Case,,,,,,,,,
Navaja Knife,Forest DDPAT,Danger Zone Case,Horizon Case,,,,,,,,,
Navaja Knife,Doppler,Prisma 2 Case,Prisma Case,,,,,,,,,
Navaja Knife,Night Stripe,Danger Zone Case,Horizon Case,,,,,,,,,
Navaja Knife,Damascus Steel,Prisma 2 Case,Prisma Case,,,,,,,,,
Navaja Knife,Boreal Forest,Danger Zone Case,Horizon Case,,,,,,,,,
Navaja Knife,Scorched,Danger Zone Case,Horizon Case,,,,,,,,,
Navaja Knife,Blue Steel,Danger Zone Case,Horizon Case,,,,,,,,,
Navaja Knife,Rust Coat,Prisma 2 Case,Prisma Case,,,,,,,,,
Navaja Knife,Crimson Web,Danger Zone Case,Horizon Case,,,,,,,,,
Navaja Knife,Case Hardened,Danger Zone Case,Horizon Case,,,,,,,,,
Navaja Knife,Vanilla,Danger Zone Case,Horizon Case,,,,,,,,,
Navaja Knife,Tiger Tooth,Prisma 2 Case,Prisma Case,,,,,,,,,
Navaja Knife,Slaughter,Danger Zone Case,Horizon Case,,,,,,,,,
Navaja Knife,Stained,Danger Zone Case,Horizon Case,,,,,,,,,
Navaja Knife,Safari Mesh,Danger Zone Case,Horizon Case,,,,,,,,,
Navaja Knife,Urban Masked,Danger Zone Case,Horizon Case,,,,,,,,,
Navaja Knife,Fade,Danger Zone Case,Horizon Case,,,,,,,,,
Gut Knife,Doppler,Chroma 2 Case,Chroma 3 Case,Chroma Case,,,,,,,,
Gut Knife,Rust Coat,Chroma 2 Case,Chroma 3 Case,Chroma Case,,,,,,,,
Gut Knife,Tiger Tooth,Chroma 2 Case,Chroma 3 Case,Chroma Case,,,,,,,,
Gut Knife,Autotronic,Gamma 2 Case,Gamma Case,,,,,,,,,
Gut Knife,Bright Water,Gamma 2 Case,Gamma Case,,,,,,,,,
Gut Knife,Crimson Web,Revolver Case,Operation Vanguard Case,Operation Pheonix Case,Winter Offensive Weapon Case,CS:GO Weapon Case 3,CS:GO Weapon Case 2,eSports 2013 Winter Case,eSports 2014 Summer Case,Operation Bravo Case,eSports 2013 Case,CS:GO Weapon Case
Gut Knife,Ultraviolet,Chroma 2 Case,Chroma 3 Case,Chroma Case,,,,,,,,
Gut Knife,Gamma Doppler,Gamma 2 Case,Gamma Case,,,,,,,,,
Gut Knife,Lore ,Gamma 2 Case,Gamma Case,,,,,,,,,
Gut Knife,Fade,Revolver Case,Operation Vanguard Case,Operation Pheonix Case,Winter Offensive Weapon Case,CS:GO Weapon Case 3,CS:GO Weapon Case 2,eSports 2013 Winter Case,eSports 2014 Summer Case,Operation Bravo Case,eSports 2013 Case,CS:GO Weapon Case
Gut Knife,Case Hardened,Revolver Case,Operation Vanguard Case,Operation Pheonix Case,Winter Offensive Weapon Case,CS:GO Weapon Case 3,CS:GO Weapon Case 2,eSports 2013 Winter Case,eSports 2014 Summer Case,Operation Bravo Case,eSports 2013 Case,CS:GO Weapon Case
Gut Knife,Damascus Steel,Chroma 2 Case,Chroma 3 Case,Chroma Case,,,,,,,,
Gut Knife,Safari Mesh,Revolver Case,Operation Vanguard Case,Operation Pheonix Case,Winter Offensive Weapon Case,CS:GO Weapon Case 3,CS:GO Weapon Case 2,eSports 2013 Winter Case,eSports 2014 Summer Case,Operation Bravo Case,eSports 2013 Case,CS:GO Weapon Case
Gut Knife,Freehand,Gamma 2 Case,Gamma Case,,,,,,,,,
Gut Knife,Black Laminate,Gamma 2 Case,Gamma Case,,,,,,,,,
Gut Knife,Forest DDPAT,Revolver Case,Operation Vanguard Case,Operation Pheonix Case,Winter Offensive Weapon Case,CS:GO Weapon Case 3,CS:GO Weapon Case 2,eSports 2013 Winter Case,eSports 2014 Summer Case,Operation Bravo Case,eSports 2013 Case,CS:GO Weapon Case
Gut Knife,Stained ,Revolver Case,Operation Vanguard Case,Operation Pheonix Case,Winter Offensive Weapon Case,CS:GO Weapon Case 3,CS:GO Weapon Case 2,eSports 2013 Winter Case,eSports 2014 Summer Case,Operation Bravo Case,eSports 2013 Case,CS:GO Weapon Case
Gut Knife,Night,Revolver Case,Operation Vanguard Case,Operation Pheonix Case,Winter Offensive Weapon Case,CS:GO Weapon Case 3,CS:GO Weapon Case 2,eSports 2013 Winter Case,eSports 2014 Summer Case,Operation Bravo Case,eSports 2013 Case,CS:GO Weapon Case
Gut Knife,Vanilla,Revolver Case,Operation Vanguard Case,Operation Pheonix Case,Winter Offensive Weapon Case,CS:GO Weapon Case 3,CS:GO Weapon Case 2,eSports 2013 Winter Case,eSports 2014 Summer Case,Operation Bravo Case,eSports 2013 Case,CS:GO Weapon Case
Gut Knife,Blue Steel,Revolver Case,Operation Vanguard Case,Operation Pheonix Case,Winter Offensive Weapon Case,CS:GO Weapon Case 3,CS:GO Weapon Case 2,eSports 2013 Winter Case,eSports 2014 Summer Case,Operation Bravo Case,eSports 2013 Case,CS:GO Weapon Case
Gut Knife,Urban Masked,Revolver Case,Operation Vanguard Case,Operation Pheonix Case,Winter Offensive Weapon Case,CS:GO Weapon Case 3,CS:GO Weapon Case 2,eSports 2013 Winter Case,eSports 2014 Summer Case,Operation Bravo Case,eSports 2013 Case,CS:GO Weapon Case
Gut Knife,Boreal Forest,Revolver Case,Operation Vanguard Case,Operation Pheonix Case,Winter Offensive Weapon Case,CS:GO Weapon Case 3,CS:GO Weapon Case 2,eSports 2013 Winter Case,eSports 2014 Summer Case,Operation Bravo Case,eSports 2013 Case,CS:GO Weapon Case
Gut Knife,Scorched ,Revolver Case,Operation Vanguard Case,Operation Pheonix Case,Winter Offensive Weapon Case,CS:GO Weapon Case 3,CS:GO Weapon Case 2,eSports 2013 Winter Case,eSports 2014 Summer Case,Operation Bravo Case,eSports 2013 Case,CS:GO Weapon Case
Gut Knife,Slaughter,Revolver Case,Operation Vanguard Case,Operation Pheonix Case,Winter Offensive Weapon Case,CS:GO Weapon Case 3,CS:GO Weapon Case 2,eSports 2013 Winter Case,eSports 2014 Summer Case,Operation Bravo Case,eSports 2013 Case,CS:GO Weapon Case
Gut Knife,Marble Fade,Chroma 2 Case,Chroma 3 Case,Chroma Case,,,,,,,,
Shadow Daggers,Bright Water,Dreams & Nightmares Case,Operation Riptide Case,,,,,,,,,
Shadow Daggers,Black Laminate,Dreams & Nightmares Case,Operation Riptide Case,,,,,,,,,
Shadow Daggers,Gamma Doppler,Dreams & Nightmares Case,Operation Riptide Case,,,,,,,,,
Shadow Daggers,Tiger Tooth,Spectrum 2 Case,Spectrum Case,,,,,,,,,
Shadow Daggers,Lore ,Dreams & Nightmares Case,Operation Riptide Case,,,,,,,,,
Shadow Daggers,Ultraviolet,Spectrum 2 Case,Spectrum Case,,,,,,,,,
Shadow Daggers,Rust Coat,Spectrum 2 Case,Spectrum Case,,,,,,,,,
Shadow Daggers,Doppler,Spectrum 2 Case,Spectrum Case,,,,,,,,,
Shadow Daggers,Autotronic,Dreams & Nightmares Case,Operation Riptide Case,,,,,,,,,
Shadow Daggers,Marble Fade,Spectrum 2 Case,Spectrum Case,,,,,,,,,
Shadow Daggers,Freehand,Dreams & Nightmares Case,Operation Riptide Case,,,,,,,,,
Shadow Daggers,Fade,Shadow Case,,,,,,,,,,
Shadow Daggers,Safari Mesh,Shadow Case,,,,,,,,,,
Shadow Daggers,Urban Masked,Shadow Case,,,,,,,,,,
Shadow Daggers,Slaughter,Shadow Case,,,,,,,,,,
Shadow Daggers,Boreal Forest,Shadow Case,,,,,,,,,,
Shadow Daggers,Stained,Shadow Case,,,,,,,,,,
Shadow Daggers,Night,Shadow Case,,,,,,,,,,
Shadow Daggers,Damascus Steel,Spectrum 2 Case,Spectrum Case,,,,,,,,,
Shadow Daggers,Case Hardened,Shadow Case,,,,,,,,,,
Shadow Daggers,Vanilla,Shadow Case,,,,,,,,,,
Shadow Daggers,Crimson Web,Shadow Case,,,,,,,,,,
Shadow Daggers,Blue Steel,Shadow Case,,,,,,,,,,
Shadow Daggers,Scorched,Shadow Case,,,,,,,,,,
Shadow Daggers,Forest DDPAT,Shadow Case,,,,,,,,,,
Bowie Knife,Autotronic,Dreams & Nightmares Case,Operation Riptide Case,,,,,,,,,
Bowie Knife,Lore ,Dreams & Nightmares Case,Operation Riptide Case,,,,,,,,,
Bowie Knife,Freehand,Dreams & Nightmares Case,Operation Riptide Case,,,,,,,,,
Bowie Knife,Tiger Tooth,Spectrum 2 Case,Spectrum Case,,,,,,,,,
Bowie Knife,Gamma Doppler,Dreams & Nightmares Case	Operation Riptide Case,,,,,,,,,,
Bowie Knife,Bright Water,Dreams & Nightmares Case,Operation Riptide Case,,,,,,,,,
Bowie Knife,Marble Fade,Spectrum 2 Case,Spectrum Case,,,,,,,,,
Bowie Knife,Black Laminate,Dreams & Nightmares Case,Operation Riptide Case,,,,,,,,,
Bowie Knife,Doppler,Spectrum 2 Case,Spectrum Case,,,,,,,,,
Bowie Knife,Safari Mesh,Spectrum 2 Case,Spectrum Case,,,,,,,,,
Bowie Knife,Blue Steel,Operation Wildfire Case,,,,,,,,,,
Bowie Knife,Damascus Steel,Spectrum 2 Case,Spectrum Case,,,,,,,,,
Bowie Knife,Slaughter,Operation Wildfire Case,,,,,,,,,,
Bowie Knife,Crimson Web,Operation Wildfire Case,,,,,,,,,,
Bowie Knife,Vanilla,Operation Wildfire Case,,,,,,,,,,
Bowie Knife,Rust Coat,Spectrum 2 Case,Spectrum Case,,,,,,,,,
Bowie Knife,Fade,Operation Wildfire Case,,,,,,,,,,
Bowie Knife,Ultraviolet,Spectrum 2 Case,Spectrum Case,,,,,,,,,
Bowie Knife,Scorched,Operation Wildfire Case,,,,,,,,,,
Bowie Knife,Boreal Forest,Operation Wildfire Case,,,,,,,,,,
Bowie Knife,Stained,Operation Wildfire Case,,,,,,,,,,
Bowie Knife,Case Hardened,Operation Wildfire Case,,,,,,,,,,
Bowie Knife,Night,Operation Wildfire Case,,,,,,,,,,
Bowie Knife,Forest DDPAT,Operation Wildfire Case,,,,,,,,,,
Bowie Knife,Urban Masked,Operation Wildfire Case,,,,,,,,,,
Falchion Knife,Gamma Doppler,Dreams & Nightmares Case,Operation Riptide Case,,,,,,,,,
Falchion Knife,Lore ,Dreams & Nightmares Case,Operation Riptide Case,,,,,,,,,
Falchion Knife,Doppler,Spectrum 2 Case,Spectrum Case,,,,,,,,,
Falchion Knife,Black Laminate,Dreams & Nightmares Case,Operation Riptide Case,,,,,,,,,
Falchion Knife,Marble Fade,Spectrum 2 Case,Spectrum Case,,,,,,,,,
Falchion Knife,Bright Water,Dreams & Nightmares Case,Operation Riptide Case,,,,,,,,,
Falchion Knife,Autotronic,Dreams & Nightmares Case,Operation Riptide Case,,,,,,,,,
Falchion Knife,Case Hardened,Falchion Case,,,,,,,,,,
Falchion Knife,Slaughter,Falchion Case,,,,,,,,,,
Falchion Knife,Urban Masked,Falchion Case,,,,,,,,,,
Falchion Knife,Tiger Tooth,Spectrum 2 Case,Spectrum Case,,,,,,,,,
Falchion Knife,Damascus Steel,Spectrum 2 Case,Spectrum Case,,,,,,,,,
Falchion Knife,Freehand,Dreams & Nightmares Case,Operation Riptide Case,,,,,,,,,
Falchion Knife,Forest DDPAT,Falchion Case,,,,,,,,,,
Falchion Knife,Stained,Falchion Case,,,,,,,,,,
Falchion Knife,Ultraviolet,Spectrum 2 Case,Spectrum Case,,,,,,,,,
Falchion Knife,Night,Falchion Case,,,,,,,,,,
Falchion Knife,Vanilla,Falchion Case,,,,,,,,,,
Falchion Knife,Crimson Web,Falchion Case,,,,,,,,,,
Falchion Knife,Fade,Falchion Case,,,,,,,,,,
Falchion Knife,Boreal Forest,Falchion Case,,,,,,,,,,
Falchion Knife,Rust Coat,Spectrum 2 Case,Spectrum Case,,,,,,,,,
Falchion Knife,Scorched,Falchion Case,,,,,,,,,,
Falchion Knife,Safari Mesh,Falchion Case,,,,,,,,,,
Falchion Knife,Blue Steel,Falchion Case,,,,,,,,,,
Paracord Knife,Doppler,Fever Case,,,,,,,,,,
Paracord Knife,Rust Coat,Fever Case,,,,,,,,,,
Paracord Knife,Marble Fade,Fever Case,,,,,,,,,,
Paracord Knife,Vanilla,Fracture Case,Shattered Web Case,,,,,,,,,
Paracord Knife,Slaughter,Fracture Case,Shattered Web Case,,,,,,,,,
Paracord Knife,Tiger Tooth,Fever Case,,,,,,,,,,
Paracord Knife,Case Hardened,Fracture Case,Shattered Web Case,,,,,,,,,
Paracord Knife,Fade,Fracture Case,Shattered Web Case,,,,,,,,,
Paracord Knife,Ultraviolet,Fever Case,,,,,,,,,,
Paracord Knife,Safari Mesh,Fracture Case,Shattered Web Case,,,,,,,,,
Paracord Knife,Damascus Steel,Fever Case,,,,,,,,,,
Paracord Knife,Blue Steel,Fracture Case,Shattered Web Case,,,,,,,,,
Paracord Knife,Night Stripe,Fracture Case,Shattered Web Case,,,,,,,,,
Paracord Knife,Urban Masked,Fracture Case,Shattered Web Case,,,,,,,,,
Paracord Knife,Scorched,Fracture Case,Shattered Web Case,,,,,,,,,
Paracord Knife,Forest DDPAT,Fracture Case,Shattered Web Case,,,,,,,,,
Paracord Knife,Stained,Fracture Case,Shattered Web Case,,,,,,,,,
Paracord Knife,Crimson Web,Fracture Case,Shattered Web Case,,,,,,,,,
Paracord Knife,Boreal Forest,Fracture Case,Shattered Web Case,,,,,,,,,
Survival Knife,Doppler,Fever Case,,,,,,,,,,
Survival Knife,Marble Fade,Fever Case,,,,,,,,,,
Survival Knife,Tiger Tooth,Fever Case,,,,,,,,,,
Survival Knife,Damascus Steel,Fever Case,,,,,,,,,,
Survival Knife,Rust Coat,Fever Case,,,,,,,,,,
Survival Knife,Case Hardened,Fracture Case,Shattered Web Case,,,,,,,,,
Survival Knife,Ultraviolet,Fever Case,,,,,,,,,,
Survival Knife,Vanilla,Fracture Case,Shattered Web Case,,,,,,,,,
Survival Knife,Stained,Fracture Case,Shattered Web Case,,,,,,,,,
Survival Knife,Scorched,Fracture Case,Shattered Web Case,,,,,,,,,
Survival Knife,Safari Mesh,Fracture Case,Shattered Web Case,,,,,,,,,
Survival Knife,Slaughter,Fracture Case,Shattered Web Case,,,,,,,,,
Survival Knife,Urban Masked,Fracture Case,Shattered Web Case,,,,,,,,,
Survival Knife,Forest DDPAT,Fracture Case,Shattered Web Case,,,,,,,,,
Survival Knife,Night Stripe,Fracture Case,Shattered Web Case,,,,,,,,,
Survival Knife,Boreal Forest,Fracture Case,Shattered Web Case,,,,,,,,,
Survival Knife,Fade,Fracture Case,Shattered Web Case,,,,,,,,,
Survival Knife,Crimson Web,Fracture Case,Shattered Web Case,,,,,,,,,
Survival Knife,Blue Steel,Fracture Case,Shattered Web Case,,,,,,,,,
Huntsman Knife,Doppler,Spectrum 2 Case,Spectrum Case,,,,,,,,,
Huntsman Knife,Gamma Doppler,Dreams & Nightmares Case,Operation Riptide Case,,,,,,,,,
Huntsman Knife,Black Laminate,Dreams & Nightmares Case,Operation Riptide Case,,,,,,,,,
Huntsman Knife,Autotronic,Dreams & Nightmares Case,Operation Riptide Case,,,,,,,,,
Huntsman Knife,Lore ,Dreams & Nightmares Case,Operation Riptide Case,,,,,,,,,
Huntsman Knife,Freehand,Dreams & Nightmares Case,Operation Riptide Case,,,,,,,,,
Huntsman Knife,Case Hardened,Huntsman Weapon Case,,,,,,,,,,
Huntsman Knife,Bright Water,Dreams & Nightmares Case,Operation Riptide Case,,,,,,,,,
Huntsman Knife,Rust Coat,Spectrum 2 Case,Spectrum Case,,,,,,,,,
Huntsman Knife,Marble Fade,Spectrum 2 Case,Spectrum Case,,,,,,,,,
Huntsman Knife,Damascus Steel,Spectrum 2 Case,Spectrum Case,,,,,,,,,
Huntsman Knife,Tiger Tooth,Spectrum 2 Case,Spectrum Case,,,,,,,,,
Huntsman Knife,Stained,Huntsman Weapon Case,,,,,,,,,,
Huntsman Knife,Blue Steel,Huntsman Weapon Case,,,,,,,,,,
Huntsman Knife,Slaughter,Huntsman Weapon Case,,,,,,,,,,
Huntsman Knife,Fade,Huntsman Weapon Case,,,,,,,,,,
Huntsman Knife,Crimson Web,Huntsman Weapon Case,,,,,,,,,,
Huntsman Knife,Scorched,Huntsman Weapon Case,,,,,,,,,,
Huntsman Knife,Night,Huntsman Weapon Case,,,,,,,,,,
Huntsman Knife,Vanilla,Huntsman Weapon Case,,,,,,,,,,
Huntsman Knife,Ultraviolet,Spectrum 2 Case,Spectrum Case,,,,,,,,,
Huntsman Knife,Urban Masked,Huntsman Weapon Case,,,,,,,,,,
Huntsman Knife,Safari Mesh,Huntsman Weapon Case,,,,,,,,,,
Huntsman Knife,Boreal Forest,Huntsman Weapon Case,,,,,,,,,,
Huntsman Knife,Forest DDPAT,Huntsman Weapon Case,,,,,,,,,,
Ursus Knife,Doppler,Prisma Case,Prisma 2 Case,,,,,,,,,
Ursus Knife,Ultraviolet,Prisma Case,Prisma 2 Case,,,,,,,,,
Ursus Knife,Crimson Web,Danger Zone Case,Horizon Case,,,,,,,,,
Ursus Knife,Marble Fade,Prisma Case,Prisma 2 Case,,,,,,,,,
Ursus Knife,Damascus Steel,Prisma Case,Prisma 2 Case,,,,,,,,,
Ursus Knife,Rust Coat,Prisma Case,Prisma 2 Case,,,,,,,,,
Ursus Knife,Blue Steel,Danger Zone Case,Horizon Case,,,,,,,,,
Ursus Knife,Vanilla,Danger Zone Case,Horizon Case,,,,,,,,,
Ursus Knife,Stained,Danger Zone Case,Horizon Case,,,,,,,,,
Ursus Knife,Slaughter,Danger Zone Case,Horizon Case,,,,,,,,,
Ursus Knife,Tiger Tooth,Prisma Case,Prisma 2 Case,,,,,,,,,
Ursus Knife,Scorched,Danger Zone Case,Horizon Case,,,,,,,,,
Ursus Knife,Case Hardened,Danger Zone Case,Horizon Case,,,,,,,,,
Ursus Knife,Night Stripe,Danger Zone Case,Horizon Case,,,,,,,,,
Ursus Knife,Forest DDPAT,Danger Zone Case,Horizon Case,,,,,,,,,
Ursus Knife,Boreal Forest,Danger Zone Case,Horizon Case,,,,,,,,,
Ursus Knife,Safari Mesh,Danger Zone Case,Horizon Case,,,,,,,,,
Ursus Knife,Urban Masked,Danger Zone Case,Horizon Case,,,,,,,,,
Ursus Knife,Fade,Danger Zone Case,Horizon Case,,,,,,,,,
Flip Knife,Doppler,Chroma 2 Case,Chroma 3 Case,Chroma Case,,,,,,,,
Flip Knife,Gamma Doppler,Gamma 2 Case,Gamma Case,,,,,,,,,
Flip Knife,Freehand,Gamma 2 Case,Gamma Case,,,,,,,,,
Flip Knife,Night,Chroma 2 Case,Chroma 3 Case,Chroma Case,,,,,,,,
Flip Knife,Fade,Revolver Case,Operation Vanguard Case,Operation Pheonix Case,Winter Offensive Weapon Case,CS:GO Weapon Case 3,CS:GO Weapon Case 2,eSports 2013 Winter Case,eSports 2014 Summer Case,Operation Bravo Case,eSports 2013 Case,CS:GO Weapon Case
Flip Knife,Lore ,Gamma 2 Case,Gamma Case,,,,,,,,,
Flip Knife,Forest DDPAT,Revolver Case,Operation Vanguard Case,Operation Pheonix Case,Winter Offensive Weapon Case,CS:GO Weapon Case 3,CS:GO Weapon Case 2,eSports 2013 Winter Case,eSports 2014 Summer Case,Operation Bravo Case,eSports 2013 Case,CS:GO Weapon Case
Flip Knife,Urban Masked,Revolver Case,Operation Vanguard Case,Operation Pheonix Case,Winter Offensive Weapon Case,CS:GO Weapon Case 3,CS:GO Weapon Case 2,eSports 2013 Winter Case,eSports 2014 Summer Case,Operation Bravo Case,eSports 2013 Case,CS:GO Weapon Case
Flip Knife,Scorched,Revolver Case,Operation Vanguard Case,Operation Pheonix Case,Winter Offensive Weapon Case,CS:GO Weapon Case 3,CS:GO Weapon Case 2,eSports 2013 Winter Case,eSports 2014 Summer Case,Operation Bravo Case,eSports 2013 Case,CS:GO Weapon Case
Flip Knife,Bright Water,Gamma 2 Case,Gamma Case,,,,,,,,,
Flip Knife,Ultraviolet,Chroma 2 Case,Chroma 3 Case,Chroma Case,,,,,,,,
Flip Knife,Safari Mesh,Revolver Case,Operation Vanguard Case,Operation Pheonix Case,Winter Offensive Weapon Case,CS:GO Weapon Case 3,CS:GO Weapon Case 2,eSports 2013 Winter Case,eSports 2014 Summer Case,Operation Bravo Case,eSports 2013 Case,CS:GO Weapon Case
Flip Knife,Crimson Web,Revolver Case,Operation Vanguard Case,Operation Pheonix Case,Winter Offensive Weapon Case,CS:GO Weapon Case 3,CS:GO Weapon Case 2,eSports 2013 Winter Case,eSports 2014 Summer Case,Operation Bravo Case,eSports 2013 Case,CS:GO Weapon Case
Flip Knife,Case Hardened,Revolver Case,Operation Vanguard Case,Operation Pheonix Case,Winter Offensive Weapon Case,CS:GO Weapon Case 3,CS:GO Weapon Case 2,eSports 2013 Winter Case,eSports 2014 Summer Case,Operation Bravo Case,eSports 2013 Case,CS:GO Weapon Case
Flip Knife,Black Laminate,Gamma 2 Case,Gamma Case,,,,,,,,,
Flip Knife,Damascus Steel,Chroma 2 Case,Chroma 3 Case,Chroma Case,,,,,,,,
Flip Knife,Blue Steel,Revolver Case,Operation Vanguard Case,Operation Pheonix Case,Winter Offensive Weapon Case,CS:GO Weapon Case 3,CS:GO Weapon Case 2,eSports 2013 Winter Case,eSports 2014 Summer Case,Operation Bravo Case,eSports 2013 Case,CS:GO Weapon Case
Flip Knife,Stained,Revolver Case,Operation Vanguard Case,Operation Pheonix Case,Winter Offensive Weapon Case,CS:GO Weapon Case 3,CS:GO Weapon Case 2,eSports 2013 Winter Case,eSports 2014 Summer Case,Operation Bravo Case,eSports 2013 Case,CS:GO Weapon Case
Flip Knife,Rust Coat,Chroma 2 Case,Chroma 3 Case,Chroma Case,,,,,,,,
Flip Knife,Vanilla,Revolver Case,Operation Vanguard Case,Operation Pheonix Case,Winter Offensive Weapon Case,CS:GO Weapon Case 3,CS:GO Weapon Case 2,eSports 2013 Winter Case,eSports 2014 Summer Case,Operation Bravo Case,eSports 2013 Case,CS:GO Weapon Case
Flip Knife,Boreal Forest,Revolver Case,Operation Vanguard Case,Operation Pheonix Case,Winter Offensive Weapon Case,CS:GO Weapon Case 3,CS:GO Weapon Case 2,eSports 2013 Winter Case,eSports 2014 Summer Case,Operation Bravo Case,eSports 2013 Case,CS:GO Weapon Case
Flip Knife,Autotronic,Gamma 2 Case,Gamma Case,,,,,,,,,
Flip Knife,Tiger Tooth,Chroma 2 Case,Chroma 3 Case,Chroma Case,,,,,,,,
Flip Knife,Slaughter,Revolver Case,Operation Vanguard Case,Operation Pheonix Case,Winter Offensive Weapon Case,CS:GO Weapon Case 3,CS:GO Weapon Case 2,eSports 2013 Winter Case,eSports 2014 Summer Case,Operation Bravo Case,eSports 2013 Case,CS:GO Weapon Case
Flip Knife,Marble Fade,Chroma 2 Case,Chroma 3 Case,Chroma Case,,,,,,,,
Kukri Knife,Fade,Kilowatt Case,,,,,,,,,,
Kukri Knife,Case Hardened,Kilowatt Case,,,,,,,,,,
Kukri Knife,Crimson Web,Kilowatt Case,,,,,,,,,,
Kukri Knife,Blue Steel,Kilowatt Case,,,,,,,,,,
Kukri Knife,Boreal Forest,Kilowatt Case,,,,,,,,,,
Kukri Knife,Vanilla,Kilowatt Case,,,,,,,,,,
Kukri Knife,Urban Masked,Kilowatt Case,,,,,,,,,,
Kukri Knife,Stained,Kilowatt Case,,,,,,,,,,
Kukri Knife,Safari Mesh,Kilowatt Case,,,,,,,,,,
Kukri Knife,Slaughter,Kilowatt Case,,,,,,,,,,
Kukri Knife,Scorched,Kilowatt Case,,,,,,,,,,
Kukri Knife,Forest DDPAT,Kilowatt Case,,,,,,,,,,
Kukri Knife,Night Stripe,Kilowatt Case,,,,,,,,,,
Classic Knife,Fade,CS20 Case,,,,,,,,,,
Classic Knife,Night Stripe,CS20 Case,,,,,,,,,,
Classic Knife,Vanilla,CS20 Case,,,,,,,,,,
Classic Knife,Slaughter,CS20 Case,,,,,,,,,,
Classic Knife,Boreal Forest,CS20 Case,,,,,,,,,,
Classic Knife,Case Hardened,CS20 Case,,,,,,,,,,
Classic Knife,Forest DDPAT,CS20 Case,,,,,,,,,,
Classic Knife,Blue Steel,CS20 Case,,,,,,,,,,
Classic Knife,Stained,CS20 Case,,,,,,,,,,
Classic Knife,Scorched,CS20 Case,,,,,,,,,,
Classic Knife,Crimson Web,CS20 Case,,,,,,,,,,
Classic Knife,Safari Mesh,CS20 Case,,,,,,,,,,
Classic Knife,Urban Masked,CS20 Case,,,,,,,,,,
Stiletto Knife,Blue Steel,Danger Zone Case,Horizon Case,,,,,,,,,
Stiletto Knife,Doppler,Prisma Case,Prisma 2 Case,,,,,,,,,
Stiletto Knife,Rust Coat,Prisma Case,Prisma 2 Case,,,,,,,,,
Stiletto Knife,Boreal Forest,Danger Zone Case,Horizon Case,,,,,,,,,
Stiletto Knife,Marble Fade,Prisma Case,Prisma 2 Case,,,,,,,,,
Stiletto Knife,Ultraviolet,Prisma Case,Prisma 2 Case,,,,,,,,,
Stiletto Knife,Scorched,Danger Zone Case,Horizon Case,,,,,,,,,
Stiletto Knife,Forest DDPAT,Danger Zone Case,Horizon Case,,,,,,,,,
Stiletto Knife,Vanilla,Danger Zone Case,Horizon Case,,,,,,,,,
Stiletto Knife,Crimson Web,Danger Zone Case,Horizon Case,,,,,,,,,
Stiletto Knife,Damascus Steel,Prisma Case,Prisma 2 Case,,,,,,,,,
Stiletto Knife,Stained,Danger Zone Case,Horizon Case,,,,,,,,,
Stiletto Knife,Urban Masked,Danger Zone Case,Horizon Case,,,,,,,,,
Stiletto Knife,Night Stripe,Danger Zone Case,Horizon Case,,,,,,,,,
Stiletto Knife,Safari Mesh,Danger Zone Case,Horizon Case,,,,,,,,,
Stiletto Knife,Case Hardened,Danger Zone Case,Horizon Case,,,,,,,,,
Stiletto Knife,Tiger Tooth,Prisma Case,Prisma 2 Case,,,,,,,,,
Stiletto Knife,Slaughter,Danger Zone Case,Horizon Case,,,,,,,,,
Stiletto Knife,Fade,Danger Zone Case,Horizon Case,,,,,,,,,
Talon Knife,Vanilla,Danger Zone Case,Horizon Case,,,,,,,,,
Talon Knife,Forest DDPAT,Danger Zone Case,Horizon Case,,,,,,,,,
Talon Knife,Marble Fade,Prisma Case,Prisma 2 Case,,,,,,,,,
Talon Knife,Damascus Steel,Prisma Case,Prisma 2 Case,,,,,,,,,
Talon Knife,Tiger Tooth,Prisma Case,Prisma 2 Case,,,,,,,,,
Talon Knife,Rust Coat,Prisma Case,Prisma 2 Case,,,,,,,,,
Talon Knife,Scorched,Danger Zone Case,Horizon Case,,,,,,,,,
Talon Knife,Boreal Forest,Danger Zone Case,Horizon Case,,,,,,,,,
Talon Knife,Ultraviolet,Prisma Case,Prisma 2 Case,,,,,,,,,
Talon Knife,Stained,Danger Zone Case,Horizon Case,,,,,,,,,
Talon Knife,Night Stripe,Danger Zone Case,Horizon Case,,,,,,,,,
Talon Knife,Safari Mesh,Danger Zone Case,Horizon Case,,,,,,,,,
Talon Knife,Urban Masked,Danger Zone Case,Horizon Case,,,,,,,,,
Talon Knife,Crimson Web,Danger Zone Case,Horizon Case,,,,,,,,,
Talon Knife,Case Hardened,Danger Zone Case,Horizon Case,,,,,,,,,
Talon Knife,Blue Steel,Danger Zone Case,Horizon Case,,,,,,,,,
Talon Knife,Slaughter,Danger Zone Case,Horizon Case,,,,,,,,,
Talon Knife,Doppler,Prisma Case,Prisma 2 Case,,,,,,,,,
Talon Knife,Fade,Danger Zone Case,Horizon Case,,,,,,,,,
Nomad Knife,Doppler,Fever Case,,,,,,,,,,
Nomad Knife,Vanilla,Fracture Case,Shattered Web Case,,,,,,,,,
Nomad Knife,Marble Fade,Fever Case,,,,,,,,,,
Nomad Knife,Tiger Tooth,Fever Case,,,,,,,,,,
Nomad Knife,Damascus Steel,Fever Case,,,,,,,,,,
Nomad Knife,Ultraviolet,Fever Case,,,,,,,,,,
Nomad Knife,Safari Mesh,Fracture Case,Shattered Web Case,,,,,,,,,
Nomad Knife,Blue Steel,Fracture Case,Shattered Web Case,,,,,,,,,
Nomad Knife,Night Stripe,Fracture Case,Shattered Web Case,,,,,,,,,
Nomad Knife,Fade,Fracture Case,Shattered Web Case,,,,,,,,,
Nomad Knife,Rust Coat,Fever Case,,,,,,,,,,
Nomad Knife,Case Hardened,Fracture Case,Shattered Web Case,,,,,,,,,
Nomad Knife,Urban Masked,Fracture Case,Shattered Web Case,,,,,,,,,
Nomad Knife,Boreal Forest,Fracture Case,Shattered Web Case,,,,,,,,,
Nomad Knife,Forest DDPAT,Fracture Case,Shattered Web Case,,,,,,,,,
Nomad Knife,Slaughter,Fracture Case,Shattered Web Case,,,,,,,,,
Nomad Knife,Scorched,Fracture Case,Shattered Web Case,,,,,,,,,
Nomad Knife,Crimson Web,Fracture Case,Shattered Web Case,,,,,,,,,
Nomad Knife,Stained,Fracture Case,Shattered Web Case,,,,,,,,,
Skeleton Knife,Marble Fade,Fever Case,,,,,,,,,,
Skeleton Knife,Vanilla,Fracture Case,Shattered Web Case,,,,,,,,,
Skeleton Knife,Tiger Tooth,Fever Case,,,,,,,,,,
Skeleton Knife,Rust Coat,Fever Case,,,,,,,,,,
Skeleton Knife,Crimson Web,Fracture Case,Shattered Web Case,,,,,,,,,
Skeleton Knife,Damascus Steel,Fever Case,,,,,,,,,,
Skeleton Knife,Ultraviolet,Fever Case,,,,,,,,,,
Skeleton Knife,Scorched,Fracture Case,Shattered Web Case,,,,,,,,,
Skeleton Knife,Blue Steel,Fracture Case,Shattered Web Case,,,,,,,,,
Skeleton Knife,Forest DDPAT,Fracture Case,Shattered Web Case,,,,,,,,,
Skeleton Knife,Urban Masked,Fracture Case,Shattered Web Case,,,,,,,,,
Skeleton Knife,Slaughter,Fracture Case,Shattered Web Case,,,,,,,,,
Skeleton Knife,Stained,Fracture Case,Shattered Web Case,,,,,,,,,
Skeleton Knife,Safari Mesh,Fracture Case,Shattered Web Case,,,,,,,,,
Skeleton Knife,Boreal Forest,Fracture Case,Shattered Web Case,,,,,,,,,
Skeleton Knife,Night Stripe,Fracture Case,Shattered Web Case,,,,,,,,,
Skeleton Knife,Doppler,Fever Case,,,,,,,,,,
Skeleton Knife,Case Hardened,Fracture Case,Shattered Web Case,,,,,,,,,
Skeleton Knife,Fade,Fracture Case,Shattered Web Case,,,,,,,,,
Bayonet,Doppler,Chroma 2 Case,Chroma 3 Case,Chroma Case,,,,,,,,
Bayonet,Blue Steel,Revolver Case,Operation Vanguard Case,Operation Pheonix Case,Winter Offensive Weapon Case,CS:GO Weapon Case 3,CS:GO Weapon Case 2,eSports 2013 Winter Case,eSports 2014 Summer Case,Operation Bravo Case,eSports 2013 Case,CS:GO Weapon Case
Bayonet,Tiger Tooth,Chroma 2 Case,Chroma 3 Case,Chroma Case,,,,,,,,
Bayonet,Case Hardened,Revolver Case,Operation Vanguard Case,Operation Pheonix Case,Winter Offensive Weapon Case,CS:GO Weapon Case 3,CS:GO Weapon Case 2,eSports 2013 Winter Case,eSports 2014 Summer Case,Operation Bravo Case,eSports 2013 Case,CS:GO Weapon Case
Bayonet,Night,Revolver Case,Operation Vanguard Case,Operation Pheonix Case,Winter Offensive Weapon Case,CS:GO Weapon Case 3,CS:GO Weapon Case 2,eSports 2013 Winter Case,eSports 2014 Summer Case,Operation Bravo Case,eSports 2013 Case,CS:GO Weapon Case
Bayonet,Autotronic,Gamma 2 Case,Gamma Case,,,,,,,,,
Bayonet,Damascus Steel,Chroma 2 Case,Chroma 3 Case,Chroma Case,,,,,,,,
Bayonet,Lore ,Gamma 2 Case,Gamma Case,,,,,,,,,
Bayonet,Fade,Revolver Case,Operation Vanguard Case,Operation Pheonix Case,Winter Offensive Weapon Case,CS:GO Weapon Case 3,CS:GO Weapon Case 2,eSports 2013 Winter Case,eSports 2014 Summer Case,Operation Bravo Case,eSports 2013 Case,CS:GO Weapon Case
Bayonet,Rust Coat,Chroma 2 Case,Chroma 3 Case,Chroma Case,,,,,,,,
Bayonet,Freehand,Gamma 2 Case,Gamma Case,,,,,,,,,
Bayonet,Safari Mesh,Revolver Case,Operation Vanguard Case,Operation Pheonix Case,Winter Offensive Weapon Case,CS:GO Weapon Case 3,CS:GO Weapon Case 2,eSports 2013 Winter Case,eSports 2014 Summer Case,Operation Bravo Case,eSports 2013 Case,CS:GO Weapon Case
Bayonet,Crimson Web,Revolver Case,Operation Vanguard Case,Operation Pheonix Case,Winter Offensive Weapon Case,CS:GO Weapon Case 3,CS:GO Weapon Case 2,eSports 2013 Winter Case,eSports 2014 Summer Case,Operation Bravo Case,eSports 2013 Case,CS:GO Weapon Case
Bayonet,Black Laminate,Gamma 2 Case,Gamma Case,,,,,,,,,
Bayonet,Slaughter,Revolver Case,Operation Vanguard Case,Operation Pheonix Case,Winter Offensive Weapon Case,CS:GO Weapon Case 3,CS:GO Weapon Case 2,eSports 2013 Winter Case,eSports 2014 Summer Case,Operation Bravo Case,eSports 2013 Case,CS:GO Weapon Case
Bayonet,Vanilla,Revolver Case,Operation Vanguard Case,Operation Pheonix Case,Winter Offensive Weapon Case,CS:GO Weapon Case 3,CS:GO Weapon Case 2,eSports 2013 Winter Case,eSports 2014 Summer Case,Operation Bravo Case,eSports 2013 Case,CS:GO Weapon Case
Bayonet,Forest DDPAT,Revolver Case,Operation Vanguard Case,Operation Pheonix Case,Winter Offensive Weapon Case,CS:GO Weapon Case 3,CS:GO Weapon Case 2,eSports 2013 Winter Case,eSports 2014 Summer Case,Operation Bravo Case,eSports 2013 Case,CS:GO Weapon Case
Bayonet,Scorched,Revolver Case,Operation Vanguard Case,Operation Pheonix Case,Winter Offensive Weapon Case,CS:GO Weapon Case 3,CS:GO Weapon Case 2,eSports 2013 Winter Case,eSports 2014 Summer Case,Operation Bravo Case,eSports 2013 Case,CS:GO Weapon Case
Bayonet,Urban Masked,Revolver Case,Operation Vanguard Case,Operation Pheonix Case,Winter Offensive Weapon Case,CS:GO Weapon Case 3,CS:GO Weapon Case 2,eSports 2013 Winter Case,eSports 2014 Summer Case,Operation Bravo Case,eSports 2013 Case,CS:GO Weapon Case
Bayonet,Ultraviolet,Chroma 2 Case,Chroma 3 Case,Chroma Case,,,,,,,,
Bayonet,Bright Water,Gamma 2 Case,Gamma Case,,,,,,,,,
Bayonet,Boreal Forest,Revolver Case,Operation Vanguard Case,Operation Pheonix Case,Winter Offensive Weapon Case,CS:GO Weapon Case 3,CS:GO Weapon Case 2,eSports 2013 Winter Case,eSports 2014 Summer Case,Operation Bravo Case,eSports 2013 Case,CS:GO Weapon Case
Bayonet,Stained,Revolver Case,Operation Vanguard Case,Operation Pheonix Case,Winter Offensive Weapon Case,CS:GO Weapon Case 3,CS:GO Weapon Case 2,eSports 2013 Winter Case,eSports 2014 Summer Case,Operation Bravo Case,eSports 2013 Case,CS:GO Weapon Case
Bayonet,Marble Fade,Chroma 2 Case,Chroma 3 Case,Chroma Case,,,,,,,,
Bayonet,Gamma Doppler,Gamma 2 Case,Gamma Case,,,,,,,,,
M9 Bayonet,Bright Water,Gamma 2 Case,Gamma Case,,,,,,,,,
M9 Bayonet,Blue Steel,Revolver Case,Operation Vanguard Case,Operation Pheonix Case,Winter Offensive Weapon Case,CS:GO Weapon Case 3,CS:GO Weapon Case 2,eSports 2013 Winter Case,eSports 2014 Summer Case,Operation Bravo Case,eSports 2013 Case,CS:GO Weapon Case
M9 Bayonet,Case Hardened,Revolver Case,Operation Vanguard Case,Operation Pheonix Case,Winter Offensive Weapon Case,CS:GO Weapon Case 3,CS:GO Weapon Case 2,eSports 2013 Winter Case,eSports 2014 Summer Case,Operation Bravo Case,eSports 2013 Case,CS:GO Weapon Case
M9 Bayonet,Boreal Forest,Revolver Case,Operation Vanguard Case,Operation Pheonix Case,Winter Offensive Weapon Case,CS:GO Weapon Case 3,CS:GO Weapon Case 2,eSports 2013 Winter Case,eSports 2014 Summer Case,Operation Bravo Case,eSports 2013 Case,CS:GO Weapon Case
M9 Bayonet,Vanilla,Revolver Case,Operation Vanguard Case,Operation Pheonix Case,Winter Offensive Weapon Case,CS:GO Weapon Case 3,CS:GO Weapon Case 2,eSports 2013 Winter Case,eSports 2014 Summer Case,Operation Bravo Case,eSports 2013 Case,CS:GO Weapon Case
M9 Bayonet,Urban Masked,Revolver Case,Operation Vanguard Case,Operation Pheonix Case,Winter Offensive Weapon Case,CS:GO Weapon Case 3,CS:GO Weapon Case 2,eSports 2013 Winter Case,eSports 2014 Summer Case,Operation Bravo Case,eSports 2013 Case,CS:GO Weapon Case
M9 Bayonet,Safari Mesh,Revolver Case,Operation Vanguard Case,Operation Pheonix Case,Winter Offensive Weapon Case,CS:GO Weapon Case 3,CS:GO Weapon Case 2,eSports 2013 Winter Case,eSports 2014 Summer Case,Operation Bravo Case,eSports 2013 Case,CS:GO Weapon Case
M9 Bayonet,Scorched,Revolver Case,Operation Vanguard Case,Operation Pheonix Case,Winter Offensive Weapon Case,CS:GO Weapon Case 3,CS:GO Weapon Case 2,eSports 2013 Winter Case,eSports 2014 Summer Case,Operation Bravo Case,eSports 2013 Case,CS:GO Weapon Case
M9 Bayonet,Ultraviolet,Chroma 2 Case,Chroma 3 Case,Chroma Case,,,,,,,,
M9 Bayonet,Night,Revolver Case,Operation Vanguard Case,Operation Pheonix Case,Winter Offensive Weapon Case,CS:GO Weapon Case 3,CS:GO Weapon Case 2,eSports 2013 Winter Case,eSports 2014 Summer Case,Operation Bravo Case,eSports 2013 Case,CS:GO Weapon Case
M9 Bayonet,Crimson Web,Revolver Case,Operation Vanguard Case,Operation Pheonix Case,Winter Offensive Weapon Case,CS:GO Weapon Case 3,CS:GO Weapon Case 2,eSports 2013 Winter Case,eSports 2014 Summer Case,Operation Bravo Case,eSports 2013 Case,CS:GO Weapon Case
M9 Bayonet,Forest DDPAT,Revolver Case,Operation Vanguard Case,Operation Pheonix Case,Winter Offensive Weapon Case,CS:GO Weapon Case 3,CS:GO Weapon Case 2,eSports 2013 Winter Case,eSports 2014 Summer Case,Operation Bravo Case,eSports 2013 Case,CS:GO Weapon Case
M9 Bayonet,Autotronic,Gamma 2 Case,Gamma Case,,,,,,,,,
M9 Bayonet,Black Laminate,Gamma 2 Case,Gamma Case,,,,,,,,,
M9 Bayonet,Lore ,Gamma 2 Case,Gamma Case,,,,,,,,,
M9 Bayonet,Rust Coat,Chroma 2 Case,Chroma 3 Case,Chroma Case,,,,,,,,
M9 Bayonet,Stained,Revolver Case,Operation Vanguard Case,Operation Pheonix Case,Winter Offensive Weapon Case,CS:GO Weapon Case 3,CS:GO Weapon Case 2,eSports 2013 Winter Case,eSports 2014 Summer Case,Operation Bravo Case,eSports 2013 Case,CS:GO Weapon Case
M9 Bayonet,Damascus Steel,Chroma 2 Case,Chroma 3 Case,Chroma Case,,,,,,,,
M9 Bayonet,Tiger Tooth,Chroma 2 Case,Chroma 3 Case,Chroma Case,,,,,,,,
M9 Bayonet,Slaughter,Revolver Case,Operation Vanguard Case,Operation Pheonix Case,Winter Offensive Weapon Case,CS:GO Weapon Case 3,CS:GO Weapon Case 2,eSports 2013 Winter Case,eSports 2014 Summer Case,Operation Bravo Case,eSports 2013 Case,CS:GO Weapon Case
M9 Bayonet,Freehand,Gamma 2 Case,Gamma Case,,,,,,,,,
M9 Bayonet,Marble Fade,Chroma 2 Case,Chroma 3 Case,Chroma Case,,,,,,,,
M9 Bayonet,Gamma Doppler,Gamma 2 Case,Gamma Case,,,,,,,,,
M9 Bayonet,Doppler,Chroma 2 Case,Chroma 3 Case,Chroma Case,,,,,,,,
M9 Bayonet,Fade,Revolver Case,Operation Vanguard Case,Operation Pheonix Case,Winter Offensive Weapon Case,CS:GO Weapon Case 3,CS:GO Weapon Case 2,eSports 2013 Winter Case,eSports 2014 Summer Case,Operation Bravo Case,eSports 2013 Case,CS:GO Weapon Case
Karambit,Urban Masked,Revolver Case,Operation Vanguard Case,Operation Pheonix Case,Winter Offensive Weapon Case,CS:GO Weapon Case 3,CS:GO Weapon Case 2,eSports 2013 Winter Case,eSports 2014 Summer Case,Operation Bravo Case,eSports 2013 Case,CS:GO Weapon Case
Karambit,Lore ,Gamma 2 Case,Gamma Case,,,,,,,,,
Karambit,Scorched,Revolver Case,Operation Vanguard Case,Operation Pheonix Case,Winter Offensive Weapon Case,CS:GO Weapon Case 3,CS:GO Weapon Case 2,eSports 2013 Winter Case,eSports 2014 Summer Case,Operation Bravo Case,eSports 2013 Case,CS:GO Weapon Case
Karambit,Forest DDPAT,Revolver Case,Operation Vanguard Case,Operation Pheonix Case,Winter Offensive Weapon Case,CS:GO Weapon Case 3,CS:GO Weapon Case 2,eSports 2013 Winter Case,eSports 2014 Summer Case,Operation Bravo Case,eSports 2013 Case,CS:GO Weapon Case
Karambit,Vanilla,Revolver Case,Operation Vanguard Case,Operation Pheonix Case,Winter Offensive Weapon Case,CS:GO Weapon Case 3,CS:GO Weapon Case 2,eSports 2013 Winter Case,eSports 2014 Summer Case,Operation Bravo Case,eSports 2013 Case,CS:GO Weapon Case
Karambit,Safari Mesh,Revolver Case,Operation Vanguard Case,Operation Pheonix Case,Winter Offensive Weapon Case,CS:GO Weapon Case 3,CS:GO Weapon Case 2,eSports 2013 Winter Case,eSports 2014 Summer Case,Operation Bravo Case,eSports 2013 Case,CS:GO Weapon Case
Karambit,Ultraviolet,Chroma 2 Case,Chroma 3 Case,Chroma Case,,,,,,,,
Karambit,Night,Revolver Case,Operation Vanguard Case,Operation Pheonix Case,Winter Offensive Weapon Case,CS:GO Weapon Case 3,CS:GO Weapon Case 2,eSports 2013 Winter Case,eSports 2014 Summer Case,Operation Bravo Case,eSports 2013 Case,CS:GO Weapon Case
Karambit,Crimson Web,Revolver Case,Operation Vanguard Case,Operation Pheonix Case,Winter Offensive Weapon Case,CS:GO Weapon Case 3,CS:GO Weapon Case 2,eSports 2013 Winter Case,eSports 2014 Summer Case,Operation Bravo Case,eSports 2013 Case,CS:GO Weapon Case
Karambit,Bright Water,Gamma 2 Case,Gamma Case,,,,,,,,,
Karambit,Boreal Forest,Revolver Case,Operation Vanguard Case,Operation Pheonix Case,Winter Offensive Weapon Case,CS:GO Weapon Case 3,CS:GO Weapon Case 2,eSports 2013 Winter Case,eSports 2014 Summer Case,Operation Bravo Case,eSports 2013 Case,CS:GO Weapon Case
Karambit,Autotronic,Gamma 2 Case,Gamma Case,,,,,,,,,
Karambit,Black Laminate,Gamma 2 Case,Gamma Case,,,,,,,,,
Karambit,Rust Coat,Chroma 2 Case,Chroma 3 Case,Chroma Case,,,,,,,,
Karambit,Case Hardened,Revolver Case,Operation Vanguard Case,Operation Pheonix Case,Winter Offensive Weapon Case,CS:GO Weapon Case 3,CS:GO Weapon Case 2,eSports 2013 Winter Case,eSports 2014 Summer Case,Operation Bravo Case,eSports 2013 Case,CS:GO Weapon Case
Karambit,Stained,Revolver Case,Operation Vanguard Case,Operation Pheonix Case,Winter Offensive Weapon Case,CS:GO Weapon Case 3,CS:GO Weapon Case 2,eSports 2013 Winter Case,eSports 2014 Summer Case,Operation Bravo Case,eSports 2013 Case,CS:GO Weapon Case
Karambit,Damascus Steel,Chroma 2 Case,Chroma 3 Case,Chroma Case,,,,,,,,
Karambit,Blue Steel,Revolver Case,Operation Vanguard Case,Operation Pheonix Case,Winter Offensive Weapon Case,CS:GO Weapon Case 3,CS:GO Weapon Case 2,eSports 2013 Winter Case,eSports 2014 Summer Case,Operation Bravo Case,eSports 2013 Case,CS:GO Weapon Case
Karambit,Tiger Tooth,Chroma 2 Case,Chroma 3 Case,Chroma Case,,,,,,,,
Karambit,Slaughter,Revolver Case,Operation Vanguard Case,Operation Pheonix Case,Winter Offensive Weapon Case,CS:GO Weapon Case 3,CS:GO Weapon Case 2,eSports 2013 Winter Case,eSports 2014 Summer Case,Operation Bravo Case,eSports 2013 Case,CS:GO Weapon Case
Karambit,Freehand,Gamma 2 Case,Gamma Case,,,,,,,,,
Karambit,Marble Fade,Chroma 2 Case,Chroma 3 Case,Chroma Case,,,,,,,,
Karambit,Gamma Doppler,Gamma 2 Case,Gamma Case,,,,,,,,,
Karambit,Doppler,Chroma 2 Case,Chroma 3 Case,Chroma Case,,,,,,,,
Karambit,Fade,Revolver Case,Operation Vanguard Case,Operation Pheonix Case,Winter Offensive Weapon Case,CS:GO Weapon Case 3,CS:GO Weapon Case 2,eSports 2013 Winter Case,eSports 2014 Summer Case,Operation Bravo Case,eSports 2013 Case,CS:GO Weapon Case
Butterfly Knife,Lore ,Dreams & Nightmares Case,Operation Riptide Case,,,,,,,,,
Butterfly Knife,Urban Masked,Operation Breakout Weapon Case,,,,,,,,,,
Butterfly Knife,Case Hardened,Operation Breakout Weapon Case,,,,,,,,,,
Butterfly Knife,Ultraviolet,Spectrum 2 Case,Spectrum Case,,,,,,,,,
Butterfly Knife,Rust Coat,Spectrum 2 Case,Spectrum Case,,,,,,,,,
Butterfly Knife,Scorched,Operation Breakout Weapon Case,,,,,,,,,,
Butterfly Knife,Safari Mesh,Operation Breakout Weapon Case,,,,,,,,,,
Butterfly Knife,Bright Water,Dreams & Nightmares Case,Operation Riptide Case,,,,,,,,,
Butterfly Knife,Black Laminate,Dreams & Nightmares Case,Operation Riptide Case,,,,,,,,,
Butterfly Knife,Autotronic,Dreams & Nightmares Case,Operation Riptide Case,,,,,,,,,
Butterfly Knife,Freehand,Dreams & Nightmares Case,Operation Riptide Case,,,,,,,,,
Butterfly Knife,Gamma Doppler,Dreams & Nightmares Case,Operation Riptide Case,,,,,,,,,
Butterfly Knife,Vanilla,Operation Breakout Weapon Case,,,,,,,,,,
Butterfly Knife,Night,Operation Breakout Weapon Case,,,,,,,,,,
Butterfly Knife,Crimson Web,Operation Breakout Weapon Case,,,,,,,,,,
Butterfly Knife,Boreal Forest,Operation Breakout Weapon Case,,,,,,,,,,
Butterfly Knife,Forest DDPAT,Operation Breakout Weapon Case,,,,,,,,,,
Butterfly Knife,Stained,Operation Breakout Weapon Case,,,,,,,,,,
Butterfly Knife,Damascus Steel,Spectrum 2 Case,Spectrum Case,,,,,,,,,
Butterfly Knife,Blue Steel,Operation Breakout Weapon Case,,,,,,,,,,
Butterfly Knife,Tiger Tooth,Spectrum 2 Case,Spectrum Case,,,,,,,,,
Butterfly Knife,Slaughter,Operation Breakout Weapon Case,,,,,,,,,,
Butterfly Knife,Marble Fade,Spectrum 2 Case,Spectrum Case,,,,,,,,,
Butterfly Knife,Doppler,Spectrum 2 Case,Spectrum Case,,,,,,,,,
Butterfly Knife,Fade,Operation Breakout Weapon Case,,,,,,,,,,
Bloodhound Gloves,Guerilla,,,,,,,,,,,
Bloodhound Gloves,Snakbite,,,,,,,,,,,
Bloodhound Gloves,Charred,,,,,,,,,,,
Bloodhound Gloves,Bronzed,,,,,,,,,,,
Broken Fang Gloves,Jade,,,,,,,,,,,
Broken Fang Gloves,Unhinged,,,,,,,,,,,
Broken Fang Gloves,Yellow-banded,,,,,,,,,,,
Broken Fang Gloves,Needle Point,,,,,,,,,,,
Driver Gloves,Imperial Plaid,,,,,,,,,,,
Driver Gloves,Snow Leopard,,,,,,,,,,,
Driver Gloves,Overtake,,,,,,,,,,,
Driver Gloves,Black Tie,,,,,,,,,,,
Driver Gloves,Racing Green,,,,,,,,,,,
Driver Gloves,Rezan the Red,,,,,,,,,,,
Driver Gloves,King Snake,,,,,,,,,,,
Driver Gloves,Queen Jaguar,,,,,,,,,,,
Driver Gloves,Convoy,,,,,,,,,,,
Driver Gloves,Crimson Weave,,,,,,,,,,,
Driver Gloves,Diamondback,,,,,,,,,,,
Driver Gloves,Lunar Weave,,,,,,,,,,,
Hand Wraps,Cobalt Skulls,,,,,,,,,,,
Hand Wraps,CAUTION!,,,,,,,,,,,
Hand Wraps,Constrictor,,,,,,,,,,,
Hand Wraps,Overprint,,,,,,,,,,,
Hand Wraps,Giraffe,,,,,,,,,,,
Hand Wraps,Duct Tape,,,,,,,,,,,
Hand Wraps,Desert Shamagh,,,,,,,,,,,
Hand Wraps,Arboreal,,,,,,,,,,,
Hand Wraps,Spruce DDPAT,,,,,,,,,,,
Hand Wraps,Leather,,,,,,,,,,,
Hand Wraps,Badlands,,,,,,,,,,,
Hand Wraps,Slaughter,,,,,,,,,,,
Hydra Gloves,Emerald,,,,,,,,,,,
Hydra Gloves,Case Hardened,,,,,,,,,,,
Hydra Gloves,Mangrove,,,,,,,,,,,
Hydra Gloves,Rattler,,,,,,,,,,,
Moto Gloves,Polygon,,,,,,,,,,,
Moto Gloves,Blood Pressure,,,,,,,,,,,
Moto Gloves,Turtle,,,,,,,,,,,
Moto Gloves,Transport,,,,,,,,,,,
Moto Gloves,POW!,,,,,,,,,,,
Moto Gloves,3rd Commando Company,,,,,,,,,,,
Moto Gloves,Finish Line,,,,,,,,,,,
Moto Gloves,Smoke Out,,,,,,,,,,,
Moto Gloves,Boom!,,,,,,,,,,,
Moto Gloves,Eclipse,,,,,,,,,,,
Moto Gloves,Cool Mint,,,,,,,,,,,
Moto Gloves,Spearmint,,,,,,,,,,,
Specialist Gloves,Lt. Commander,,,,,,,,,,,
Specialist Gloves,Marble Fade,,,,,,,,,,,
Specialist Gloves,Fade,,,,,,,,,,,
Specialist Gloves,Crimson Web,,,,,,,,,,,
Specialist Gloves,Buckshot,,,,,,,,,,,
Specialist Gloves,Mogul,,,,,,,,,,,
Specialist Gloves,Forest DDPAT,,,,,,,,,,,
Specialist Gloves,Field Agent,,,,,,,,,,,
Specialist Gloves,Foundation,,,,,,,,,,,
Specialist Gloves,Tiger Strike,,,,,,,,,,,
Specialist Gloves,Crimson Kimono,,,,,,,,,,,
Specialist Gloves,Emerald Web,,,,,,,,,,,
Sport Gloves,Big Game,,,,,,,,,,,
Sport Gloves,Omega,,,,,,,,,,,
Sport Gloves,Vice,,,,,,,,,,,
Sport Gloves,Bronze Morph,,,,,,,,,,,
Sport Gloves,Scarlet Shamagh,,,,,,,,,,,
Sport Gloves,Slingshot,,,,,,,,,,,
Sport Gloves,Nocts,,,,,,,,,,,
Sport Gloves,Pandora's Box,,,,,,,,,,,
Sport Gloves,Amphibious,,,,,,,,,,,
Sport Gloves,Arid,,,,,,,,,,,
Sport Gloves,Superconductor,,,,,,,,,,,
Sport Gloves,Hedge Maze,,,,,,,,,,,