Weapon name,Skin Name,Rarity,Collection,Introduced,Unnamed: 5
AWP,Lightning Strike,Covert,The Arms Deal Collection,14-Aug-13,
Desert Eagle,Hypnotic,Classified,The Arms Deal Collection,14-Aug-13,
AK-47,Case Hardened,Classified,The Arms Deal Collection,14-Aug-13,
Glock-18,Dragon Tattoo,Restricted,The Arms Deal Collection,14-Aug-13,
USP-S,Dark Water,Restricted,The Arms Deal Collection,14-Aug-13,
M4A1-S,Dark Water,Restricted,The Arms Deal Collection,14-Aug-13,
AUG,Wings,Mil-spec,The Arms Deal Collection,14-Aug-13,
SG 553,Ultraviolet,Mil-spec,The Arms Deal Collection,14-Aug-13,
MP7,Skulls,Mil-spec,The Arms Deal Collection,14-Aug-13,
Glock-18,Fade,Restricted,The Assault Collection,14-Aug-13,
MP9,Bulldozer,Restricted,The Assault Collection,14-Aug-13,
AUG,Hot Rod,Mil-spec,The Assault Collection,14-Aug-13,
Negev,Anodized Navy,Mil-spec,The Assault Collection,14-Aug-13,
Five-SeveN,Candy Apple,Industrial,The Assault Collection,14-Aug-13,
UMP-45,Caramel,Consumer,The Assault Collection,14-Aug-13,
SG 553,Tornado,Consumer,The Assault Collection,14-Aug-13,
Tec-9,Ossified,Mil-spec,The Aztec Collection,14-Aug-13,
M4A4,Jungle Tiger,Industrial,The Aztec Collection,14-Aug-13,
AK-47,Jungle Spray,Industrial,The Aztec Collection,14-Aug-13,
SSG 08,Lichen Dashed,Consumer,The Aztec Collection,14-Aug-13,
Five-SeveN,Jungle,Consumer,The Aztec Collection,14-Aug-13,
Nova,Forest Leaves,Consumer,The Aztec Collection,14-Aug-13,
Glock-18,Brass,Restricted,The Dust Collection,14-Aug-13,
Desert Eagle,Blaze,Restricted,The Dust Collection,14-Aug-13,
P2000,Scorpion,Restricted,The Dust Collection,14-Aug-13,
AWP,Snake Camo,Mil-spec,The Dust Collection,14-Aug-13,
Sawed-Off,Copper,Mil-spec,The Dust Collection,14-Aug-13,
AUG,Copperhead,Mil-spec,The Dust Collection,14-Aug-13,
SCAR-20,Palm,Industrial,The Dust Collection,14-Aug-13,
AK-47,Predator,Industrial,The Dust Collection,14-Aug-13,
M4A4,Desert Storm,Industrial,The Dust Collection,14-Aug-13,
P90,Death by Kitty,Covert,The eSports 2013 Collection,14-Aug-13,
AWP,BOOM,Classified,The eSports 2013 Collection,14-Aug-13,
AK-47,Red Laminate,Classified,The eSports 2013 Collection,14-Aug-13,
P250,Splash,Restricted,The eSports 2013 Collection,14-Aug-13,
Sawed-Off,Orange DDPAT,Restricted,The eSports 2013 Collection,14-Aug-13,
Galil AR,Orange DDPAT,Restricted,The eSports 2013 Collection,14-Aug-13,
FAMAS,Doomkitty,Mil-spec,The eSports 2013 Collection,14-Aug-13,
MAG-7,Memento,Mil-spec,The eSports 2013 Collection,14-Aug-13,
M4A4,Faded Zebra,Mil-spec,The eSports 2013 Collection,14-Aug-13,
Tec-9,Brass,Mil-spec,The Inferno Collection,14-Aug-13,
Dual Berettas,Anodized Navy,Mil-spec,The Inferno Collection,14-Aug-13,
M4A4,Tornado,Industrial,The Inferno Collection,14-Aug-13,
P250,Gunsmoke,Industrial,The Inferno Collection,14-Aug-13,
Nova,Walnut,Consumer,The Inferno Collection,14-Aug-13,
MAG-7,Sand Dune,Consumer,The Inferno Collection,14-Aug-13,
SCAR-20,Splash Jam,Classified,The Militia Collection,14-Aug-13,
M4A4,Modern Hunter,Restricted,The Militia Collection,14-Aug-13,
P250,Modern Hunter,Mil-spec,The Militia Collection,14-Aug-13,
Nova,Modern Hunter,Mil-spec,The Militia Collection,14-Aug-13,
Nova,Blaze Orange,Mil-spec,The Militia Collection,14-Aug-13,
XM1014,Blaze Orange,Mil-spec,The Militia Collection,14-Aug-13,
PP-Bizon,Modern Hunter,Mil-spec,The Militia Collection,14-Aug-13,
P2000,Grassland Leaves,Industrial,The Militia Collection,14-Aug-13,
XM1014,Grassland,Consumer,The Militia Collection,14-Aug-13,
MAC-10,Tornado,Consumer,The Militia Collection,14-Aug-13,
PP-Bizon,Forest Leaves,Consumer,The Militia Collection,14-Aug-13,
P250,Nuclear Threat,Restricted,The Nuke Collection,14-Aug-13,
Tec-9,Nuclear Threat,Restricted,The Nuke Collection,14-Aug-13,
M4A4,Radiation Hazard,Mil-spec,The Nuke Collection,14-Aug-13,
UMP-45,Fallout Warning,Industrial,The Nuke Collection,14-Aug-13,
XM1014,Fallout Warning,Industrial,The Nuke Collection,14-Aug-13,
P90,Fallout Warning,Industrial,The Nuke Collection,14-Aug-13,
MAG-7,Irradiated Alert,Consumer,The Nuke Collection,14-Aug-13,
Sawed-Off,Irradiated Alert,Consumer,The Nuke Collection,14-Aug-13,
PP-Bizon,Irradiated Alert,Consumer,The Nuke Collection,14-Aug-13,
MP7,Whiteout,Mil-spec,The Office Collection,14-Aug-13,
P2000,Silver,Mil-spec,The Office Collection,14-Aug-13,
M249,Blizzard Marbleized,Industrial,The Office Collection,14-Aug-13,
G3SG1,Arctic Camo,Industrial,The Office Collection,14-Aug-13,
Galil AR,Winter Forest,Industrial,The Office Collection,14-Aug-13,
FAMAS,Contrast Spray,Consumer,The Office Collection,14-Aug-13,
Dual Berettas,Demolition,Restricted,The Vertigo Collection,14-Aug-13,
AK-47,Black Laminate,Mil-spec,The Vertigo Collection,14-Aug-13,
P90,Glacier Mesh,Mil-spec,The Vertigo Collection,14-Aug-13,
PP-Bizon,Carbon Fiber,Industrial,The Vertigo Collection,14-Aug-13,
XM1014,Urban Perforated,Consumer,The Vertigo Collection,14-Aug-13,
MAC-10,Urban DDPAT,Consumer,The Vertigo Collection,14-Aug-13,
SCAR-20,Emerald,Restricted,The Alpha Collection,19-Sep-13,
FAMAS,Spitfire,Restricted,The Alpha Collection,19-Sep-13,
AUG,Anodized Navy,Mil-spec,The Alpha Collection,19-Sep-13,
PP-Bizon,Rust Coat,Mil-spec,The Alpha Collection,19-Sep-13,
MAG-7,Hazard,Mil-spec,The Alpha Collection,19-Sep-13,
P250,Facets,Industrial,The Alpha Collection,19-Sep-13,
Sawed-Off,Mosaico,Industrial,The Alpha Collection,19-Sep-13,
Negev,Palm,Industrial,The Alpha Collection,19-Sep-13,
SSG 08,Mayan Dreams,Industrial,The Alpha Collection,19-Sep-13,
Glock-18,Sand Dune,Industrial,The Alpha Collection,19-Sep-13,
MP7,Groundwater,Consumer,The Alpha Collection,19-Sep-13,
XM1014,Jungle,Consumer,The Alpha Collection,19-Sep-13,
Five-SeveN,Anodized Gunmetal,Consumer,The Alpha Collection,19-Sep-13,
MP9,Dry Season,Consumer,The Alpha Collection,19-Sep-13,
Tec-9,Tornado,Consumer,The Alpha Collection,19-Sep-13,
M249,Jungle DDPAT,Consumer,The Alpha Collection,19-Sep-13,
AK-47,Fire Serpent,Covert,The Bravo Collection,19-Sep-13,
Desert Eagle,Golden Koi,Covert,The Bravo Collection,19-Sep-13,
AWP,Graphite,Classified,The Bravo Collection,19-Sep-13,
P2000,Ocean Foam,Classified,The Bravo Collection,19-Sep-13,
P90,Emerald Dragon,Classified,The Bravo Collection,19-Sep-13,
USP-S,Overgrowth,Restricted,The Bravo Collection,19-Sep-13,
MAC-10,Graven,Restricted,The Bravo Collection,19-Sep-13,
M4A4,Zirka,Restricted,The Bravo Collection,19-Sep-13,
M4A1-S,Bright Water,Restricted,The Bravo Collection,19-Sep-13,
G3SG1,Demeter,Mil-spec,The Bravo Collection,19-Sep-13,
Galil AR,Shattered,Mil-spec,The Bravo Collection,19-Sep-13,
SG 553,Wave Spray,Mil-spec,The Bravo Collection,19-Sep-13,
UMP-45,Bone Pile,Mil-spec,The Bravo Collection,19-Sep-13,
Dual Berettas,Black Limba,Mil-spec,The Bravo Collection,19-Sep-13,
Nova,Tempest,Mil-spec,The Bravo Collection,19-Sep-13,
SSG 08,Blood in the Water,Covert,The Arms Deal 2 Collection,8-Nov-13,
USP-S,Serum,Classified,The Arms Deal 2 Collection,8-Nov-13,
P90,Cold Blooded,Classified,The Arms Deal 2 Collection,8-Nov-13,
Dual Berettas,Hemoglobin,Restricted,The Arms Deal 2 Collection,8-Nov-13,
Nova,Graphite,Restricted,The Arms Deal 2 Collection,8-Nov-13,
MP9,Hypnotic,Restricted,The Arms Deal 2 Collection,8-Nov-13,
Five-SeveN,Case Hardened,Restricted,The Arms Deal 2 Collection,8-Nov-13,
SCAR-20,Crimson Web,Mil-spec,The Arms Deal 2 Collection,8-Nov-13,
P250,Hive,Mil-spec,The Arms Deal 2 Collection,8-Nov-13,
FAMAS,Hexane,Mil-spec,The Arms Deal 2 Collection,8-Nov-13,
M4A1-S,Blood Tiger,Mil-spec,The Arms Deal 2 Collection,8-Nov-13,
Tec-9,Blue Titanium,Mil-spec,The Arms Deal 2 Collection,8-Nov-13,
P2000,Amber Fade,Restricted,The Dust 2 Collection,27-Nov-13,
M4A1-S,VariCamo,Mil-spec,The Dust 2 Collection,27-Nov-13,
SG 553,Damascus Steel,Mil-spec,The Dust 2 Collection,27-Nov-13,
PP-Bizon,Brass,Mil-spec,The Dust 2 Collection,27-Nov-13,
Sawed-Off,Snake Camo,Industrial,The Dust 2 Collection,27-Nov-13,
Five-SeveN,Orange Peel,Industrial,The Dust 2 Collection,27-Nov-13,
Tec-9,VariCamo,Industrial,The Dust 2 Collection,27-Nov-13,
AK-47,Safari Mesh,Industrial,The Dust 2 Collection,27-Nov-13,
MAC-10,Palm,Industrial,The Dust 2 Collection,27-Nov-13,
P250,Sand Dune,Consumer,The Dust 2 Collection,27-Nov-13,
SCAR-20,Sand Mesh,Consumer,The Dust 2 Collection,27-Nov-13,
Nova,Predator,Consumer,The Dust 2 Collection,27-Nov-13,
G3SG1,Desert Storm,Consumer,The Dust 2 Collection,27-Nov-13,
MP9,Sand Dashed,Consumer,The Dust 2 Collection,27-Nov-13,
P90,Sand Spray,Consumer,The Dust 2 Collection,27-Nov-13,
AWP,Pit Viper,Restricted,The Italy Collection,27-Nov-13,
Sawed-Off,Full Stop,Mil-spec,The Italy Collection,27-Nov-13,
MP7,Anodized Navy,Mil-spec,The Italy Collection,27-Nov-13,
M4A1-S,Boreal Forest,Industrial,The Italy Collection,27-Nov-13,
Nova,Candy Apple,Industrial,The Italy Collection,27-Nov-13,
UMP-45,Gunsmoke,Industrial,The Italy Collection,27-Nov-13,
XM1014,CaliCamo,Industrial,The Italy Collection,27-Nov-13,
Dual Berettas,Stained,Industrial,The Italy Collection,27-Nov-13,
P2000,Granite Marbleized,Industrial,The Italy Collection,27-Nov-13,
Nova,Sand Dune,Consumer,The Italy Collection,27-Nov-13,
AUG,Contractor,Consumer,The Italy Collection,27-Nov-13,
Tec-9,Groundwater,Consumer,The Italy Collection,27-Nov-13,
FAMAS,Colony,Consumer,The Italy Collection,27-Nov-13,
PP-Bizon,Sand Dashed,Consumer,The Italy Collection,27-Nov-13,
Dual Berettas,Cobalt Quartz,Restricted,The Lake Collection,27-Nov-13,
USP-S,Night Ops,Mil-spec,The Lake Collection,27-Nov-13,
SG 553,Anodized Navy,Mil-spec,The Lake Collection,27-Nov-13,
P90,Teardown,Mil-spec,The Lake Collection,27-Nov-13,
AWP,Safari Mesh,Industrial,The Lake Collection,27-Nov-13,
XM1014,Blue Steel,Industrial,The Lake Collection,27-Nov-13,
Desert Eagle,Mudder,Industrial,The Lake Collection,27-Nov-13,
FAMAS,Cyanospatter,Industrial,The Lake Collection,27-Nov-13,
PP-Bizon,Night Ops,Industrial,The Lake Collection,27-Nov-13,
P250,Boreal Forest,Consumer,The Lake Collection,27-Nov-13,
AUG,Storm,Consumer,The Lake Collection,27-Nov-13,
XM1014,Blue Spruce,Consumer,The Lake Collection,27-Nov-13,
G3SG1,Jungle Dashed,Consumer,The Lake Collection,27-Nov-13,
Galil AR,Sage Spray,Consumer,The Lake Collection,27-Nov-13,
SG 553,Waves Perforated,Consumer,The Lake Collection,27-Nov-13,
MAG-7,Bulldozer,Restricted,The Mirage Collection,27-Nov-13,
UMP-45,Blaze,Mil-spec,The Mirage Collection,27-Nov-13,
MAC-10,Amber Fade,Mil-spec,The Mirage Collection,27-Nov-13,
MP9,Hot Rod,Mil-spec,The Mirage Collection,27-Nov-13,
Negev,CaliCamo,Industrial,The Mirage Collection,27-Nov-13,
Glock-18,Groundwater,Industrial,The Mirage Collection,27-Nov-13,
SG 553,Gator Mesh,Industrial,The Mirage Collection,27-Nov-13,
SSG 08,Tropical Storm,Industrial,The Mirage Collection,27-Nov-13,
MP7,Orange Peel,Industrial,The Mirage Collection,27-Nov-13,
P250,Bone Mask,Consumer,The Mirage Collection,27-Nov-13,
AUG,Colony,Consumer,The Mirage Collection,27-Nov-13,
Five-SeveN,Contractor,Consumer,The Mirage Collection,27-Nov-13,
G3SG1,Safari Mesh,Consumer,The Mirage Collection,27-Nov-13,
Galil AR,Hunting Blind,Consumer,The Mirage Collection,27-Nov-13,
P90,Scorched,Consumer,The Mirage Collection,27-Nov-13,
M4A1-S,Nitro,Restricted,The Safehouse Collection,27-Nov-13,
Five-SeveN,Silver Quartz,Mil-spec,The Safehouse Collection,27-Nov-13,
FAMAS,Teardown,Mil-spec,The Safehouse Collection,27-Nov-13,
SSG 08,Acid Fade,Mil-spec,The Safehouse Collection,27-Nov-13,
USP-S,Forest Leaves,Industrial,The Safehouse Collection,27-Nov-13,
M249,Gator Mesh,Industrial,The Safehouse Collection,27-Nov-13,
AUG,Condemned,Industrial,The Safehouse Collection,27-Nov-13,
G3SG1,VariCamo,Industrial,The Safehouse Collection,27-Nov-13,
Galil AR,VariCamo,Industrial,The Safehouse Collection,27-Nov-13,
MP9,Orange Peel,Industrial,The Safehouse Collection,27-Nov-13,
SCAR-20,Contractor,Consumer,The Safehouse Collection,27-Nov-13,
Tec-9,Army Mesh,Consumer,The Safehouse Collection,27-Nov-13,
Dual Berettas,Contractor,Consumer,The Safehouse Collection,27-Nov-13,
SSG 08,Blue Spruce,Consumer,The Safehouse Collection,27-Nov-13,
MP7,Army Recon,Consumer,The Safehouse Collection,27-Nov-13,
Tec-9,Red Quartz,Restricted,The Train Collection,27-Nov-13,
Sawed-Off,Amber Fade,Mil-spec,The Train Collection,27-Nov-13,
Desert Eagle,Urban Rubble,Mil-spec,The Train Collection,27-Nov-13,
P250,Metallic DDPAT,Industrial,The Train Collection,27-Nov-13,
SCAR-20,Carbon Fiber,Industrial,The Train Collection,27-Nov-13,
MAG-7,Metallic DDPAT,Industrial,The Train Collection,27-Nov-13,
M4A4,Urban DDPAT,Industrial,The Train Collection,27-Nov-13,
MAC-10,Candy Apple,Industrial,The Train Collection,27-Nov-13,
P90,Ash Wood,Industrial,The Train Collection,27-Nov-13,
Nova,Polar Mesh,Consumer,The Train Collection,27-Nov-13,
UMP-45,Urban DDPAT,Consumer,The Train Collection,27-Nov-13,
Five-SeveN,Forest Night,Consumer,The Train Collection,27-Nov-13,
Dual Berettas,Colony,Consumer,The Train Collection,27-Nov-13,
G3SG1,Polar Camo,Consumer,The Train Collection,27-Nov-13,
PP-Bizon,Urban Dashed,Consumer,The Train Collection,27-Nov-13,
M4A4,X-Ray,Covert,The eSports 2013 Winter Collection,18-Dec-13,
Desert Eagle,Cobalt Disruption,Classified,The eSports 2013 Winter Collection,18-Dec-13,
AWP,Electric Hive,Classified,The eSports 2013 Winter Collection,18-Dec-13,
FAMAS,Afterimage,Classified,The eSports 2013 Winter Collection,18-Dec-13,
P90,Blind Spot,Restricted,The eSports 2013 Winter Collection,18-Dec-13,
AK-47,Blue Laminate,Restricted,The eSports 2013 Winter Collection,18-Dec-13,
P250,Steel Disruption,Mil-spec,The eSports 2013 Winter Collection,18-Dec-13,
G3SG1,Azure Zebra,Mil-spec,The eSports 2013 Winter Collection,18-Dec-13,
Nova,Ghost Camo,Mil-spec,The eSports 2013 Winter Collection,18-Dec-13,
PP-Bizon,Water Sigil,Mil-spec,The eSports 2013 Winter Collection,18-Dec-13,
Five-SeveN,Nightshade,Mil-spec,The eSports 2013 Winter Collection,18-Dec-13,
Galil AR,Blue Titanium,Mil-spec,The eSports 2013 Winter Collection,18-Dec-13,
M4A4,Asiimov,Covert,The Winter Offensive Collection,18-Dec-13,
Sawed-Off,The Kraken,Covert,The Winter Offensive Collection,18-Dec-13,
AWP,Redline,Classified,The Winter Offensive Collection,18-Dec-13,
P250,Mehndi,Classified,The Winter Offensive Collection,18-Dec-13,
M4A1-S,Guardian,Classified,The Winter Offensive Collection,18-Dec-13,
FAMAS,Pulse,Restricted,The Winter Offensive Collection,18-Dec-13,
Dual Berettas,Marina,Restricted,The Winter Offensive Collection,18-Dec-13,
MP9,Rose Iron,Restricted,The Winter Offensive Collection,18-Dec-13,
Nova,Rising Skull,Restricted,The Winter Offensive Collection,18-Dec-13,
Galil AR,Sandstorm,Mil-spec,The Winter Offensive Collection,18-Dec-13,
Five-SeveN,Kami,Mil-spec,The Winter Offensive Collection,18-Dec-13,
M249,Magma,Mil-spec,The Winter Offensive Collection,18-Dec-13,
PP-Bizon,Cobalt Halftone,Mil-spec,The Winter Offensive Collection,18-Dec-13,
CZ75-Auto,Victoria,Covert,The Arms Deal 3 Collection,12-Feb-14,
CZ75-Auto,The Fuschia Is Now,Classified,The Arms Deal 3 Collection,12-Feb-14,
P250,Undertow,Classified,The Arms Deal 3 Collection,12-Feb-14,
CZ75-Auto,Tread Plate,Restricted,The Arms Deal 3 Collection,12-Feb-14,
Tec-9,Titanium Bit,Restricted,The Arms Deal 3 Collection,12-Feb-14,
Desert Eagle,Heirloom,Restricted,The Arms Deal 3 Collection,12-Feb-14,
Five-SeveN,Copper Galaxy,Restricted,The Arms Deal 3 Collection,12-Feb-14,
CZ75-Auto,Crimson Web,Mil-spec,The Arms Deal 3 Collection,12-Feb-14,
P2000,Red FragCam,Mil-spec,The Arms Deal 3 Collection,12-Feb-14,
Dual Berettas,Panther,Mil-spec,The Arms Deal 3 Collection,12-Feb-14,
USP-S,Stainless,Mil-spec,The Arms Deal 3 Collection,12-Feb-14,
Glock-18,Blue Fissure,Mil-spec,The Arms Deal 3 Collection,12-Feb-14,
AWP,Asiimov,Covert,The Phoenix Collection,20-Feb-14,
AUG,Chameleon,Covert,The Phoenix Collection,20-Feb-14,
AK-47,Redline,Classified,The Phoenix Collection,20-Feb-14,
P90,Trigon,Classified,The Phoenix Collection,20-Feb-14,
Nova,Antique,Classified,The Phoenix Collection,20-Feb-14,
MAC-10,Heat,Restricted,The Phoenix Collection,20-Feb-14,
SG 553,Pulse,Restricted,The Phoenix Collection,20-Feb-14,
USP-S,Guardian,Restricted,The Phoenix Collection,20-Feb-14,
FAMAS,Sergeant,Restricted,The Phoenix Collection,20-Feb-14,
UMP-45,Corporal,Mil-spec,The Phoenix Collection,20-Feb-14,
Negev,Terrain,Mil-spec,The Phoenix Collection,20-Feb-14,
Tec-9,Sandstorm,Mil-spec,The Phoenix Collection,20-Feb-14,
MAG-7,Heaven Guard,Mil-spec,The Phoenix Collection,20-Feb-14,
P250,Franklin,Classified,The Bank Collection,1-May-14,
AK-47,Emerald Pinstripe,Restricted,The Bank Collection,1-May-14,
CZ75-Auto,Tuxedo,Mil-spec,The Bank Collection,1-May-14,
Galil AR,Tuxedo,Mil-spec,The Bank Collection,1-May-14,
Desert Eagle,Meteorite,Mil-spec,The Bank Collection,1-May-14,
G3SG1,Green Apple,Industrial,The Bank Collection,1-May-14,
Glock-18,Death Rattle,Industrial,The Bank Collection,1-May-14,
MAC-10,Silver,Industrial,The Bank Collection,1-May-14,
Nova,Caged Steel,Industrial,The Bank Collection,1-May-14,
UMP-45,Carbon Fiber,Industrial,The Bank Collection,1-May-14,
MP7,Forest DDPAT,Consumer,The Bank Collection,1-May-14,
Sawed-Off,Forest DDPAT,Consumer,The Bank Collection,1-May-14,
Tec-9,Urban DDPAT,Consumer,The Bank Collection,1-May-14,
Negev,Army Sheen,Consumer,The Bank Collection,1-May-14,
SG 553,Army Sheen,Consumer,The Bank Collection,1-May-14,
M4A4,Howl,Contraband,The Huntsman Collection,1-May-14,
AK-47,Vulcan,Covert,The Huntsman Collection,1-May-14,
M4A1-S,Atomic Alloy,Classified,The Huntsman Collection,1-May-14,
USP-S,Orion,Classified,The Huntsman Collection,1-May-14,
SCAR-20,Cyrex,Classified,The Huntsman Collection,1-May-14,
AUG,Torque,Restricted,The Huntsman Collection,1-May-14,
XM1014,Heaven Guard,Restricted,The Huntsman Collection,1-May-14,
MAC-10,Curse,Restricted,The Huntsman Collection,1-May-14,
PP-Bizon,Antique,Restricted,The Huntsman Collection,1-May-14,
Tec-9,Isaac,Mil-spec,The Huntsman Collection,1-May-14,
CZ75-Auto,Poison Dart,Mil-spec,The Huntsman Collection,1-May-14,
Dual Berettas,Retribution,Mil-spec,The Huntsman Collection,1-May-14,
Galil AR,Kami,Mil-spec,The Huntsman Collection,1-May-14,
SSG 08,Slashed,Mil-spec,The Huntsman Collection,1-May-14,
P90,Desert Warfare,Mil-spec,The Huntsman Collection,1-May-14,
M4A4,Desert-Strike,Covert,The Huntsman Collection,11-Jun-14,
MAC-10,Tatter,Restricted,The Huntsman Collection,11-Jun-14,
CZ75-Auto,Twist,Mil-spec,The Huntsman Collection,11-Jun-14,
P2000,Pulse,Mil-spec,The Huntsman Collection,11-Jun-14,
P90,Module,Mil-spec,The Huntsman Collection,11-Jun-14,
AK-47,Jet Set,Classified,The Baggage Collection,1-Jul-14,
Desert Eagle,Pilot,Restricted,The Baggage Collection,1-Jul-14,
AK-47,First Class,Restricted,The Baggage Collection,1-Jul-14,
USP-S,Business Class,Mil-spec,The Baggage Collection,1-Jul-14,
Sawed-Off,First Class,Mil-spec,The Baggage Collection,1-Jul-14,
XM1014,Red Leather,Mil-spec,The Baggage Collection,1-Jul-14,
P2000,Coach Class,Industrial,The Baggage Collection,1-Jul-14,
SG 553,Traveler,Industrial,The Baggage Collection,1-Jul-14,
MAC-10,Commuter,Industrial,The Baggage Collection,1-Jul-14,
P90,Leather,Industrial,The Baggage Collection,1-Jul-14,
CZ75-Auto,Green Plaid,Consumer,The Baggage Collection,1-Jul-14,
G3SG1,Contractor,Consumer,The Baggage Collection,1-Jul-14,
SSG 08,Sand Dune,Consumer,The Baggage Collection,1-Jul-14,
MP7,Olive Plaid,Consumer,The Baggage Collection,1-Jul-14,
MP9,Green Plaid,Consumer,The Baggage Collection,1-Jul-14,
M4A1-S,Cyrex,Covert,The Breakout Collection,1-Jul-14,
P90,Asiimov,Covert,The Breakout Collection,1-Jul-14,
Five-SeveN,Fowl Play,Classified,The Breakout Collection,1-Jul-14,
Glock-18,Water Elemental,Classified,The Breakout Collection,1-Jul-14,
Desert Eagle,Conspiracy,Classified,The Breakout Collection,1-Jul-14,
P250,Supernova,Restricted,The Breakout Collection,1-Jul-14,
Nova,Koi,Restricted,The Breakout Collection,1-Jul-14,
CZ75-Auto,Tigris,Restricted,The Breakout Collection,1-Jul-14,
PP-Bizon,Osiris,Restricted,The Breakout Collection,1-Jul-14,
Negev,Desert-Strike,Mil-spec,The Breakout Collection,1-Jul-14,
UMP-45,Labyrinth,Mil-spec,The Breakout Collection,1-Jul-14,
P2000,Ivory,Mil-spec,The Breakout Collection,1-Jul-14,
SSG 08,Abyss,Mil-spec,The Breakout Collection,1-Jul-14,
MP7,Urban Hazard,Mil-spec,The Breakout Collection,1-Jul-14,
AWP,Dragon Lore,Covert,The Cobblestone Collection,1-Jul-14,
M4A1-S,Knight,Classified,The Cobblestone Collection,1-Jul-14,
Desert Eagle,Hand Cannon,Restricted,The Cobblestone Collection,1-Jul-14,
CZ75-Auto,Chalice,Restricted,The Cobblestone Collection,1-Jul-14,
MP9,Dark Age,Mil-spec,The Cobblestone Collection,1-Jul-14,
P2000,Chainmail,Mil-spec,The Cobblestone Collection,1-Jul-14,
USP-S,Royal Blue,Industrial,The Cobblestone Collection,1-Jul-14,
Nova,Green Apple,Industrial,The Cobblestone Collection,1-Jul-14,
MAG-7,Silver,Industrial,The Cobblestone Collection,1-Jul-14,
Sawed-Off,Rust Coat,Industrial,The Cobblestone Collection,1-Jul-14,
P90,Storm,Consumer,The Cobblestone Collection,1-Jul-14,
UMP-45,Indigo,Consumer,The Cobblestone Collection,1-Jul-14,
MAC-10,Indigo,Consumer,The Cobblestone Collection,1-Jul-14,
SCAR-20,Storm,Consumer,The Cobblestone Collection,1-Jul-14,
Dual Berettas,Briar,Consumer,The Cobblestone Collection,1-Jul-14,
Glock-18,Candy Apple,Mil-spec,The Italy Collection,1-Jul-14,
M4A1-S,Master Piece,Classified,The Overpass Collection,1-Jul-14,
USP-S,Road Rash,Restricted,The Overpass Collection,1-Jul-14,
AWP,Pink DDPAT,Restricted,The Overpass Collection,1-Jul-14,
XM1014,VariCamo Blue,Mil-spec,The Overpass Collection,1-Jul-14,
CZ75-Auto,Nitro,Mil-spec,The Overpass Collection,1-Jul-14,
SSG 08,Detour,Mil-spec,The Overpass Collection,1-Jul-14,
Glock-18,Night,Industrial,The Overpass Collection,1-Jul-14,
Desert Eagle,Urban DDPAT,Industrial,The Overpass Collection,1-Jul-14,
P2000,Grassland,Industrial,The Overpass Collection,1-Jul-14,
MP7,Gunsmoke,Industrial,The Overpass Collection,1-Jul-14,
MAG-7,Storm,Consumer,The Overpass Collection,1-Jul-14,
Sawed-Off,Sage Spray,Consumer,The Overpass Collection,1-Jul-14,
M249,Contrast Spray,Consumer,The Overpass Collection,1-Jul-14,
UMP-45,Scorched,Consumer,The Overpass Collection,1-Jul-14,
MP9,Storm,Consumer,The Overpass Collection,1-Jul-14,
AK-47,Jaguar,Covert,The eSports 2014 Summer Collection,10-Jul-14,
M4A4,Bullet Rain,Covert,The eSports 2014 Summer Collection,10-Jul-14,
AWP,Corticera,Classified,The eSports 2014 Summer Collection,10-Jul-14,
Nova,Bloomstick,Classified,The eSports 2014 Summer Collection,10-Jul-14,
AUG,Bengal Tiger,Classified,The eSports 2014 Summer Collection,10-Jul-14,
P2000,Corticera,Classified,The eSports 2014 Summer Collection,10-Jul-14,
Glock-18,Steel Disruption,Restricted,The eSports 2014 Summer Collection,10-Jul-14,
Desert Eagle,Crimson Web,Restricted,The eSports 2014 Summer Collection,10-Jul-14,
MP7,Ocean Foam,Restricted,The eSports 2014 Summer Collection,10-Jul-14,
PP-Bizon,Blue Streak,Restricted,The eSports 2014 Summer Collection,10-Jul-14,
P90,Virus,Restricted,The eSports 2014 Summer Collection,10-Jul-14,
USP-S,Blood Tiger,Mil-spec,The eSports 2014 Summer Collection,10-Jul-14,
Negev,Bratatat,Mil-spec,The eSports 2014 Summer Collection,10-Jul-14,
XM1014,Red Python,Mil-spec,The eSports 2014 Summer Collection,10-Jul-14,
CZ75-Auto,Hexane,Mil-spec,The eSports 2014 Summer Collection,10-Jul-14,
SSG 08,Dark Water,Mil-spec,The eSports 2014 Summer Collection,10-Jul-14,
MAC-10,Ultraviolet,Mil-spec,The eSports 2014 Summer Collection,10-Jul-14,
USP-S,Caiman,Classified,The Huntsman Collection,11-Jul-14,
FAMAS,Styx,Restricted,The Cache Collection,8-Aug-14,
Galil AR,Cerberus,Restricted,The Cache Collection,8-Aug-14,
XM1014,Bone Machine,Mil-spec,The Cache Collection,8-Aug-14,
Tec-9,Toxic,Mil-spec,The Cache Collection,8-Aug-14,
Glock-18,Reactor,Mil-spec,The Cache Collection,8-Aug-14,
MAC-10,Nuclear Garden,Mil-spec,The Cache Collection,8-Aug-14,
MP9,Setting Sun,Mil-spec,The Cache Collection,8-Aug-14,
P250,Contamination,Industrial,The Cache Collection,8-Aug-14,
Negev,Nuclear Waste,Industrial,The Cache Collection,8-Aug-14,
AUG,Radiation Hazard,Industrial,The Cache Collection,8-Aug-14,
Five-SeveN,Hot Shot,Industrial,The Cache Collection,8-Aug-14,
SG 553,Fallout Warning,Industrial,The Cache Collection,8-Aug-14,
PP-Bizon,Chemical Green,Industrial,The Cache Collection,8-Aug-14,
P2000,Fire Elemental,Covert,The Vanguard Collection,11-Nov-14,
AK-47,Wasteland Rebel,Covert,The Vanguard Collection,11-Nov-14,
P250,Cartel,Classified,The Vanguard Collection,11-Nov-14,
SCAR-20,Cardiac,Classified,The Vanguard Collection,11-Nov-14,
XM1014,Tranquility,Classified,The Vanguard Collection,11-Nov-14,
M4A1-S,Basilisk,Restricted,The Vanguard Collection,11-Nov-14,
Sawed-Off,Highwayman,Restricted,The Vanguard Collection,11-Nov-14,
Glock-18,Grinder,Restricted,The Vanguard Collection,11-Nov-14,
M4A4,Griffin,Restricted,The Vanguard Collection,11-Nov-14,
MAG-7,Firestarter,Mil-spec,The Vanguard Collection,11-Nov-14,
UMP-45,Delusion,Mil-spec,The Vanguard Collection,11-Nov-14,
Five-SeveN,Urban Hazard,Mil-spec,The Vanguard Collection,11-Nov-14,
G3SG1,Murky,Mil-spec,The Vanguard Collection,11-Nov-14,
MP9,Dart,Mil-spec,The Vanguard Collection,11-Nov-14,
AWP,Man-o'-war,Covert,The Chroma Collection,8-Jan-15,
Galil AR,Chatterbox,Covert,The Chroma Collection,8-Jan-15,
P250,Muertos,Classified,The Chroma Collection,8-Jan-15,
AK-47,Cartel,Classified,The Chroma Collection,8-Jan-15,
M4A4,?? (Dragon King),Classified,The Chroma Collection,8-Jan-15,
Sawed-Off,Serenity,Restricted,The Chroma Collection,8-Jan-15,
Desert Eagle,Naga,Restricted,The Chroma Collection,8-Jan-15,
Dual Berettas,Urban Shock,Restricted,The Chroma Collection,8-Jan-15,
MAC-10,Malachite,Restricted,The Chroma Collection,8-Jan-15,
SCAR-20,Grotto,Mil-spec,The Chroma Collection,8-Jan-15,
M249,System Lock,Mil-spec,The Chroma Collection,8-Jan-15,
XM1014,Quicksilver,Mil-spec,The Chroma Collection,8-Jan-15,
Glock-18,Catacombs,Mil-spec,The Chroma Collection,8-Jan-15,
MP9,Deadly Poison,Mil-spec,The Chroma Collection,8-Jan-15,
M4A1-S,Hyper Beast,Covert,The Chroma 2 Collection,15-Apr-15,
MAC-10,Neon Rider,Covert,The Chroma 2 Collection,15-Apr-15,
Five-SeveN,Monkey Business,Classified,The Chroma 2 Collection,15-Apr-15,
FAMAS,Djinn,Classified,The Chroma 2 Collection,15-Apr-15,
Galil AR,Eco,Classified,The Chroma 2 Collection,15-Apr-15,
AWP,Worm God,Restricted,The Chroma 2 Collection,15-Apr-15,
MAG-7,Heat,Restricted,The Chroma 2 Collection,15-Apr-15,
UMP-45,Grand Prix,Restricted,The Chroma 2 Collection,15-Apr-15,
CZ75-Auto,Pole Position,Restricted,The Chroma 2 Collection,15-Apr-15,
P250,Valence,Mil-spec,The Chroma 2 Collection,15-Apr-15,
Sawed-Off,Origami,Mil-spec,The Chroma 2 Collection,15-Apr-15,
Negev,Man-o'-war,Mil-spec,The Chroma 2 Collection,15-Apr-15,
Desert Eagle,Bronze Deco,Mil-spec,The Chroma 2 Collection,15-Apr-15,
AK-47,Elite Build,Mil-spec,The Chroma 2 Collection,15-Apr-15,
MP7,Armor Core,Mil-spec,The Chroma 2 Collection,15-Apr-15,
M4A1-S,Hot Rod,Classified,The Chop Shop Collection,26-May-15,
Glock-18,Twilight Galaxy,Classified,The Chop Shop Collection,26-May-15,
Dual Berettas,Duelist,Restricted,The Chop Shop Collection,26-May-15,
SG 553,Bulldozer,Restricted,The Chop Shop Collection,26-May-15,
P250,Whiteout,Mil-spec,The Chop Shop Collection,26-May-15,
Five-SeveN,Nitro,Mil-spec,The Chop Shop Collection,26-May-15,
CZ75-Auto,Emerald,Mil-spec,The Chop Shop Collection,26-May-15,
MAC-10,Fade,Mil-spec,The Chop Shop Collection,26-May-15,
MP7,Full Stop,Mil-spec,The Chop Shop Collection,26-May-15,
USP-S,Para Green,Industrial,The Chop Shop Collection,26-May-15,
Desert Eagle,Night,Industrial,The Chop Shop Collection,26-May-15,
Galil AR,Urban Rubble,Industrial,The Chop Shop Collection,26-May-15,
SCAR-20,Army Sheen,Consumer,The Chop Shop Collection,26-May-15,
MAG-7,Seabird,Consumer,The Chop Shop Collection,26-May-15,
M249,Impact Drill,Consumer,The Chop Shop Collection,26-May-15,
CZ75-Auto,Army Sheen,Consumer,The Chop Shop Collection,26-May-15,
AWP,Hyper Beast,Covert,The Falchion Collection,26-May-15,
AK-47,Aquamarine Revenge,Covert,The Falchion Collection,26-May-15,
CZ75-Auto,Yellow Jacket,Classified,The Falchion Collection,26-May-15,
SG 553,Cyrex,Classified,The Falchion Collection,26-May-15,
MP7,Nemesis,Classified,The Falchion Collection,26-May-15,
Negev,Loudmouth,Restricted,The Falchion Collection,26-May-15,
P2000,Handgun,Restricted,The Falchion Collection,26-May-15,
FAMAS,Neural Net,Restricted,The Falchion Collection,26-May-15,
M4A4,Evil Daimyo,Restricted,The Falchion Collection,26-May-15,
MP9,Ruby Poison Dart,Restricted,The Falchion Collection,26-May-15,
USP-S,Torque,Mil-spec,The Falchion Collection,26-May-15,
Nova,Ranger,Mil-spec,The Falchion Collection,26-May-15,
UMP-45,Riot,Mil-spec,The Falchion Collection,26-May-15,
Glock-18,Bunsen Burner,Mil-spec,The Falchion Collection,26-May-15,
Galil AR,Rocket Pop,Mil-spec,The Falchion Collection,26-May-15,
P90,Elite Build,Mil-spec,The Falchion Collection,26-May-15,
AWP,Medusa,Covert,The Gods and Monsters Collection,26-May-15,
M4A4,Poseidon,Classified,The Gods and Monsters Collection,26-May-15,
M4A1-S,Icarus Fell,Restricted,The Gods and Monsters Collection,26-May-15,
G3SG1,Chronos,Restricted,The Gods and Monsters Collection,26-May-15,
UMP-45,Minotaurs Labyrinth,Mil-spec,The Gods and Monsters Collection,26-May-15,
MP9,Pandoras Box,Mil-spec,The Gods and Monsters Collection,26-May-15,
AWP,Sun in Leo,Industrial,The Gods and Monsters Collection,26-May-15,
M249,Shipping Forecast,Industrial,The Gods and Monsters Collection,26-May-15,
Tec-9,Hades,Industrial,The Gods and Monsters Collection,26-May-15,
P2000,Pathfinder,Industrial,The Gods and Monsters Collection,26-May-15,
Nova,Moon in Libra,Consumer,The Gods and Monsters Collection,26-May-15,
AUG,Daedalus,Consumer,The Gods and Monsters Collection,26-May-15,
Dual Berettas,Moon in Libra,Consumer,The Gods and Monsters Collection,26-May-15,
MP7,Asterion,Consumer,The Gods and Monsters Collection,26-May-15,
AUG,Akihabara Accept,Covert,The Rising Sun Collection,26-May-15,
AK-47,Hydroponic,Classified,The Rising Sun Collection,26-May-15,
Five-SeveN,Neon Kimono,Restricted,The Rising Sun Collection,26-May-15,
Desert Eagle,Desert Eagle Sunset Storm ?,Restricted,The Rising Sun Collection,26-May-15,
Desert Eagle,Desert Eagle Sunset Storm ?,Restricted,The Rising Sun Collection,26-May-15,
M4A4,Daybreak,Restricted,The Rising Sun Collection,26-May-15,
MAG-7,Counter Terrace,Mil-spec,The Rising Sun Collection,26-May-15,
Tec-9,Terrace,Mil-spec,The Rising Sun Collection,26-May-15,
Galil AR,Aqua Terrace,Mil-spec,The Rising Sun Collection,26-May-15,
P250,Crimson Kimono,Industrial,The Rising Sun Collection,26-May-15,
Desert Eagle,Midnight Storm,Industrial,The Rising Sun Collection,26-May-15,
P250,Mint Kimono,Consumer,The Rising Sun Collection,26-May-15,
Sawed-Off,Bamboo Shadow,Consumer,The Rising Sun Collection,26-May-15,
Tec-9,Bamboo Forest,Consumer,The Rising Sun Collection,26-May-15,
G3SG1,Orange Kimono,Consumer,The Rising Sun Collection,26-May-15,
PP-Bizon,Bamboo Print,Consumer,The Rising Sun Collection,26-May-15,
M4A1-S,Golden Coil,Covert,The Shadow Collection,17-Sep-15,
USP-S,Kill Confirmed,Covert,The Shadow Collection,17-Sep-15,
AK-47,Frontside Misty,Classified,The Shadow Collection,17-Sep-15,
G3SG1,Flux,Classified,The Shadow Collection,17-Sep-15,
SSG 08,Big Iron,Classified,The Shadow Collection,17-Sep-15,
P250,Wingshot,Restricted,The Shadow Collection,17-Sep-15,
M249,Nebula Crusader,Restricted,The Shadow Collection,17-Sep-15,
Galil AR,Stone Cold,Restricted,The Shadow Collection,17-Sep-15,
MP7,Special Delivery,Restricted,The Shadow Collection,17-Sep-15,
SCAR-20,Green Marine,Mil-spec,The Shadow Collection,17-Sep-15,
MAG-7,Cobalt Core,Mil-spec,The Shadow Collection,17-Sep-15,
XM1014,Scumbria,Mil-spec,The Shadow Collection,17-Sep-15,
Glock-18,Wraiths,Mil-spec,The Shadow Collection,17-Sep-15,
Dual Berettas,Dualing Dragons,Mil-spec,The Shadow Collection,17-Sep-15,
FAMAS,Survivor Z,Mil-spec,The Shadow Collection,17-Sep-15,
MAC-10,Rangeen,Mil-spec,The Shadow Collection,17-Sep-15,
R8 Revolver,Bone Mask,Consumer,The Bank Collection,8-Dec-15,
R8 Revolver,Amber Fade,Classified,The Dust 2 Collection,8-Dec-15,
R8 Revolver,Fade,Covert,The Revolver Case Collection,8-Dec-15,
M4A4,Royal Paladin,Covert,The Revolver Case Collection,8-Dec-15,
AK-47,Point Disarray,Classified,The Revolver Case Collection,8-Dec-15,
G3SG1,The Executioner,Classified,The Revolver Case Collection,8-Dec-15,
P90,Shapewood,Classified,The Revolver Case Collection,8-Dec-15,
Negev,Power Loader,Restricted,The Revolver Case Collection,8-Dec-15,
XM1014,Teclu Burner,Restricted,The Revolver Case Collection,8-Dec-15,
Five-SeveN,Retrobution,Restricted,The Revolver Case Collection,8-Dec-15,
Tec-9,Avalanche,Restricted,The Revolver Case Collection,8-Dec-15,
SG 553,Tiger Moth,Restricted,The Revolver Case Collection,8-Dec-15,
PP-Bizon,Fuel Rod,Restricted,The Revolver Case Collection,8-Dec-15,
R8 Revolver,Crimson Web,Mil-spec,The Revolver Case Collection,8-Dec-15,
SCAR-20,Outbreak,Mil-spec,The Revolver Case Collection,8-Dec-15,
Sawed-Off,Yorick,Mil-spec,The Revolver Case Collection,8-Dec-15,
AUG,Ricochet,Mil-spec,The Revolver Case Collection,8-Dec-15,
Desert Eagle,Corinthian,Mil-spec,The Revolver Case Collection,8-Dec-15,
P2000,Imperial,Mil-spec,The Revolver Case Collection,8-Dec-15,
AK-47,Fuel Injector,Covert,The Wildfire Collection,17-Feb-16,
M4A4,The Battlestar,Covert,The Wildfire Collection,17-Feb-16,
AWP,Elite Build,Classified,The Wildfire Collection,17-Feb-16,
Nova,Hyper Beast,Classified,The Wildfire Collection,17-Feb-16,
Desert Eagle,Kumicho Dragon,Classified,The Wildfire Collection,17-Feb-16,
MAG-7,Praetorian,Restricted,The Wildfire Collection,17-Feb-16,
Five-SeveN,Triumvirate,Restricted,The Wildfire Collection,17-Feb-16,
Glock-18,Royal Legion,Restricted,The Wildfire Collection,17-Feb-16,
FAMAS,Valence,Restricted,The Wildfire Collection,17-Feb-16,
MP7,Impire,Restricted,The Wildfire Collection,17-Feb-16,
USP-S,Lead Conduit,Mil-spec,The Wildfire Collection,17-Feb-16,
Tec-9,Jambiya,Mil-spec,The Wildfire Collection,17-Feb-16,
Dual Berettas,Cartel,Mil-spec,The Wildfire Collection,17-Feb-16,
SSG 08,Necropos,Mil-spec,The Wildfire Collection,17-Feb-16,
MAC-10,Lapis Gator,Mil-spec,The Wildfire Collection,17-Feb-16,
PP-Bizon,Photic Zone,Mil-spec,The Wildfire Collection,17-Feb-16,
M4A1-S,Chantico's Fire,Covert,The Chroma 3 Collection,27-Apr-16,
PP-Bizon,Judgement of Anubis,Covert,The Chroma 3 Collection,27-Apr-16,
P250,Asiimov,Classified,The Chroma 3 Collection,27-Apr-16,
UMP-45,Primal Saber,Classified,The Chroma 3 Collection,27-Apr-16,
AUG,Fleet Flock,Classified,The Chroma 3 Collection,27-Apr-16,
XM1014,Black Tie,Restricted,The Chroma 3 Collection,27-Apr-16,
Tec-9,Re-Entry,Restricted,The Chroma 3 Collection,27-Apr-16,
CZ75-Auto,Red Astor,Restricted,The Chroma 3 Collection,27-Apr-16,
Galil AR,Firefight,Restricted,The Chroma 3 Collection,27-Apr-16,
SSG 08,Ghost Crusader,Restricted,The Chroma 3 Collection,27-Apr-16,
Sawed-Off,Fubar,Mil-spec,The Chroma 3 Collection,27-Apr-16,
M249,Spectre,Mil-spec,The Chroma 3 Collection,27-Apr-16,
Dual Berettas,Ventilators,Mil-spec,The Chroma 3 Collection,27-Apr-16,
P2000,Oceanic,Mil-spec,The Chroma 3 Collection,27-Apr-16,
G3SG1,Orange Crash,Mil-spec,The Chroma 3 Collection,27-Apr-16,
SG 553,Atlas,Mil-spec,The Chroma 3 Collection,27-Apr-16,
MP9,Bioleak,Mil-spec,The Chroma 3 Collection,27-Apr-16,
M4A1-S,Mecha Industries,Covert,The Gamma Collection,15-Jun-16,
Glock-18,Wasteland Rebel,Covert,The Gamma Collection,15-Jun-16,
SCAR-20,Bloodsport,Classified,The Gamma Collection,15-Jun-16,
M4A4,Desolate Space,Classified,The Gamma Collection,15-Jun-16,
P2000,Imperial Dragon,Classified,The Gamma Collection,15-Jun-16,
R8 Revolver,Reboot,Restricted,The Gamma Collection,15-Jun-16,
AWP,Phobos,Restricted,The Gamma Collection,15-Jun-16,
Sawed-Off,Limelight,Restricted,The Gamma Collection,15-Jun-16,
AUG,Aristocrat,Restricted,The Gamma Collection,15-Jun-16,
P90,Chopper,Restricted,The Gamma Collection,15-Jun-16,
P250,Iron Clad,Mil-spec,The Gamma Collection,15-Jun-16,
Nova,Exo,Mil-spec,The Gamma Collection,15-Jun-16,
Five-SeveN,Violent Daimyo,Mil-spec,The Gamma Collection,15-Jun-16,
MAC-10,Carnivore,Mil-spec,The Gamma Collection,15-Jun-16,
PP-Bizon,Harvester,Mil-spec,The Gamma Collection,15-Jun-16,
Tec-9,Ice Cap,Mil-spec,The Gamma Collection,15-Jun-16,
SG 553,Aerial,Mil-spec,The Gamma Collection,15-Jun-16,
AK-47,Neon Revolution,Covert,The Gamma 2 Collection,18-Aug-16,
FAMAS,Roll Cage,Covert,The Gamma 2 Collection,18-Aug-16,
Tec-9,Fuel Injector,Classified,The Gamma 2 Collection,18-Aug-16,
MP9,Airlock,Classified,The Gamma 2 Collection,18-Aug-16,
AUG,Syd Mead,Classified,The Gamma 2 Collection,18-Aug-16,
SG 553,Triarch,Restricted,The Gamma 2 Collection,18-Aug-16,
SCAR-20,Powercore,Restricted,The Gamma 2 Collection,18-Aug-16,
MAG-7,Petroglyph,Restricted,The Gamma 2 Collection,18-Aug-16,
Glock-18,Weasel,Restricted,The Gamma 2 Collection,18-Aug-16,
Desert Eagle,Directive,Restricted,The Gamma 2 Collection,18-Aug-16,
XM1014,Slipstream,Mil-spec,The Gamma 2 Collection,18-Aug-16,
UMP-45,Briefing,Mil-spec,The Gamma 2 Collection,18-Aug-16,
P90,Grim,Mil-spec,The Gamma 2 Collection,18-Aug-16,
Negev,Dazzle,Mil-spec,The Gamma 2 Collection,18-Aug-16,
G3SG1,Ventilator,Mil-spec,The Gamma 2 Collection,18-Aug-16,
Five-SeveN,Scumbria,Mil-spec,The Gamma 2 Collection,18-Aug-16,
CZ75-Auto,Imprint,Mil-spec,The Gamma 2 Collection,18-Aug-16,
SSG 08,Dragonfire,Covert,The Glove Collection,28-Nov-16,
M4A4,Buzz Kill,Covert,The Glove Collection,28-Nov-16,
FAMAS,Mecha Industries,Classified,The Glove Collection,28-Nov-16,
P90,Shallow Grave,Classified,The Glove Collection,28-Nov-16,
Sawed-Off,Wasteland Princess,Classified,The Glove Collection,28-Nov-16,
Dual Berettas,Royal Consorts,Restricted,The Glove Collection,28-Nov-16,
G3SG1,Stinger,Restricted,The Glove Collection,28-Nov-16,
M4A1-S,Flashback,Restricted,The Glove Collection,28-Nov-16,
Nova,Gila,Restricted,The Glove Collection,28-Nov-16,
USP-S,Cyrex,Restricted,The Glove Collection,28-Nov-16,
CZ75-Auto,Polymer,Mil-spec,The Glove Collection,28-Nov-16,
Glock-18,Ironwork,Mil-spec,The Glove Collection,28-Nov-16,
MP7,Cirrus,Mil-spec,The Glove Collection,28-Nov-16,
Galil AR,Black Sand,Mil-spec,The Glove Collection,28-Nov-16,
MP9,Sand Scale,Mil-spec,The Glove Collection,28-Nov-16,
MAG-7,Sonar,Mil-spec,The Glove Collection,28-Nov-16,
P2000,Turf,Mil-spec,The Glove Collection,28-Nov-16,
USP-S,Neo-Noir,Covert,The Spectrum Collection,15-Mar-17,
AK-47,Bloodsport,Covert,The Spectrum Collection,15-Mar-17,
M4A1-S,Decimator,Classified,The Spectrum Collection,15-Mar-17,
CZ75-Auto,Xiangliu,Classified,The Spectrum Collection,15-Mar-17,
AWP,Fever Dream,Classified,The Spectrum Collection,15-Mar-17,
M249,Emerald Poison Dart,Restricted,The Spectrum Collection,15-Mar-17,
Galil AR,Crimson Tsunami,Restricted,The Spectrum Collection,15-Mar-17,
XM1014,Seasons,Restricted,The Spectrum Collection,15-Mar-17,
UMP-45,Scaffold,Restricted,The Spectrum Collection,15-Mar-17,
MAC-10,Last Dive,Restricted,The Spectrum Collection,15-Mar-17,
Desert Eagle,Oxide Blaze,Mil-spec,The Spectrum Collection,15-Mar-17,
Five-SeveN,Capillary,Mil-spec,The Spectrum Collection,15-Mar-17,
P250,Ripple,Mil-spec,The Spectrum Collection,15-Mar-17,
PP-Bizon,Jungle Slipstream,Mil-spec,The Spectrum Collection,15-Mar-17,
SCAR-20,Blueprint,Mil-spec,The Spectrum Collection,15-Mar-17,
Sawed-Off,Zander,Mil-spec,The Spectrum Collection,15-Mar-17,Drops
MP7,Akoben,Mil-spec,The Spectrum Collection,15-Mar-17,
Five-SeveN,Hyper Beast,Covert,The Operation Hydra Collection,23-May-17,
AWP,Oni Taiji,Covert,The Operation Hydra Collection,23-May-17,
M4A4,Hellfire,Classified,The Operation Hydra Collection,23-May-17,
Galil AR,Sugar Rush,Classified,The Operation Hydra Collection,23-May-17,
Dual Berettas,Cobra Strike,Classified,The Operation Hydra Collection,23-May-17,
AK-47,Orbit Mk01,Restricted,The Operation Hydra Collection,23-May-17,
SSG 08,Death's Head,Restricted,The Operation Hydra Collection,23-May-17,
P90,Death Grip,Restricted,The Operation Hydra Collection,23-May-17,
P250,Red Rock,Restricted,The Operation Hydra Collection,23-May-17,
P2000,Woodsman,Restricted,The Operation Hydra Collection,23-May-17,
USP-S,Blueprint,Mil-spec,The Operation Hydra Collection,23-May-17,
FAMAS,Macabre,Mil-spec,The Operation Hydra Collection,23-May-17,
M4A1-S,Briefing,Mil-spec,The Operation Hydra Collection,23-May-17,
MAC-10,Aloha,Mil-spec,The Operation Hydra Collection,23-May-17,
MAG-7,Hard Water,Mil-spec,The Operation Hydra Collection,23-May-17,
Tec-9,Cut Out,Mil-spec,The Operation Hydra Collection,23-May-17,
UMP-45,Metal Flowers,Mil-spec,The Operation Hydra Collection,23-May-17,
AK-47,The Empress,Covert,The Spectrum 2 Collection,14-Sep-17,
P250,See Ya Later,Covert,The Spectrum 2 Collection,14-Sep-17,
M4A1-S,Leaded Glass,Classified,The Spectrum 2 Collection,14-Sep-17,
PP-Bizon,High Roller,Classified,The Spectrum 2 Collection,14-Sep-17,
R8 Revolver,Llama Cannon,Classified,The Spectrum 2 Collection,14-Sep-17,
MP9,Goo,Restricted,The Spectrum 2 Collection,14-Sep-17,
SG 553,Phantom,Restricted,The Spectrum 2 Collection,14-Sep-17,
CZ75-Auto,Tacticat,Restricted,The Spectrum 2 Collection,14-Sep-17,
UMP-45,Exposure,Restricted,The Spectrum 2 Collection,14-Sep-17,
XM1014,Ziggy,Restricted,The Spectrum 2 Collection,14-Sep-17,
Sawed-Off,Morris,Mil-spec,The Spectrum 2 Collection,14-Sep-17,
AUG,Triqua,Mil-spec,The Spectrum 2 Collection,14-Sep-17,
G3SG1,Hunter,Mil-spec,The Spectrum 2 Collection,14-Sep-17,
Glock-18,Off World,Mil-spec,The Spectrum 2 Collection,14-Sep-17,
MAC-10,Oceanic,Mil-spec,The Spectrum 2 Collection,14-Sep-17,
Tec-9,Cracked Opal,Mil-spec,The Spectrum 2 Collection,14-Sep-17,
SCAR-20,Jungle Slipstream,Mil-spec,The Spectrum 2 Collection,14-Sep-17,
M4A4,Neo-Noir,Covert,The Clutch Collection,15-Feb-18,
MP7,Bloodsport,Covert,The Clutch Collection,15-Feb-18,
AWP,Mortis,Classified,The Clutch Collection,15-Feb-18,
AUG,Stymphalian,Classified,The Clutch Collection,15-Feb-18,
USP-S,Cortex,Classified,The Clutch Collection,15-Feb-18,
Glock-18,Moonrise,Restricted,The Clutch Collection,15-Feb-18,
MAG-7,SWAG-7,Restricted,The Clutch Collection,15-Feb-18,
Negev,Lionfish,Restricted,The Clutch Collection,15-Feb-18,
Nova,Wild Six,Restricted,The Clutch Collection,15-Feb-18,
UMP-45,Arctic Wolf,Restricted,The Clutch Collection,15-Feb-18,
Five-SeveN,Flame Test,Mil-spec,The Clutch Collection,15-Feb-18,
MP9,Black Sand,Mil-spec,The Clutch Collection,15-Feb-18,
P2000,Urban Hazard,Mil-spec,The Clutch Collection,15-Feb-18,
PP-Bizon,Night Riot,Mil-spec,The Clutch Collection,15-Feb-18,
R8 Revolver,Grip,Mil-spec,The Clutch Collection,15-Feb-18,
SG 553,Aloha,Mil-spec,The Clutch Collection,15-Feb-18,
XM1014,Oxide Blaze,Mil-spec,The Clutch Collection,15-Feb-18,
Desert Eagle,Code Red,Covert,The Horizon Collection,3-Aug-18,
AK-47,Neon Rider,Covert,The Horizon Collection,3-Aug-18,
M4A1-S,Nightmare,Classified,The Horizon Collection,3-Aug-18,
FAMAS,Eye of Athena,Classified,The Horizon Collection,3-Aug-18,
Sawed-Off,Devourer,Classified,The Horizon Collection,3-Aug-18,
CZ75-Auto,Eco,Restricted,The Horizon Collection,3-Aug-18,
G3SG1,High Seas,Restricted,The Horizon Collection,3-Aug-18,
Nova,Toy Soldier,Restricted,The Horizon Collection,3-Aug-18,
AWP,PAW,Restricted,The Horizon Collection,3-Aug-18,
MP7,Powercore,Restricted,The Horizon Collection,3-Aug-18,
AUG,Amber Slipstream,Mil-spec,The Horizon Collection,3-Aug-18,
Dual Berettas,Shred,Mil-spec,The Horizon Collection,3-Aug-18,
Glock-18,Warhawk,Mil-spec,The Horizon Collection,3-Aug-18,
MP9,Capillary,Mil-spec,The Horizon Collection,3-Aug-18,
P90,Traction,Mil-spec,The Horizon Collection,3-Aug-18,
R8 Revolver,Survivalist,Mil-spec,The Horizon Collection,3-Aug-18,
Tec-9,Snek-9,Mil-spec,The Horizon Collection,3-Aug-18,
SG 553,Integrale,Classified,The 2018 Inferno Collection,1-Sep-18,
Dual Berettas,Twin Turbo,Classified,The 2018 Inferno Collection,1-Sep-18,
AK-47,Safety Net,Restricted,The 2018 Inferno Collection,1-Sep-18,
P250,Vino Primo,Restricted,The 2018 Inferno Collection,1-Sep-18,
MP7,Fade,Restricted,The 2018 Inferno Collection,1-Sep-18,
USP-S,Check Engine,Mil-spec,The 2018 Inferno Collection,1-Sep-18,
M4A4,Converter,Mil-spec,The 2018 Inferno Collection,1-Sep-18,
SSG 08,Hand Brake,Mil-spec,The 2018 Inferno Collection,1-Sep-18,
Sawed-Off,Brake Light,Mil-spec,The 2018 Inferno Collection,1-Sep-18,
Glock-18,High Beam,Industrial,The 2018 Inferno Collection,1-Sep-18,
R8 Revolver,Nitro,Industrial,The 2018 Inferno Collection,1-Sep-18,
MAC-10,Calf Skin,Industrial,The 2018 Inferno Collection,1-Sep-18,
PP-Bizon,Candy Apple,Industrial,The 2018 Inferno Collection,1-Sep-18,
MP5-SD,Dirt Drop,Consumer,The 2018 Inferno Collection,1-Sep-18,
MP9,Slide,Consumer,The 2018 Inferno Collection,1-Sep-18,
AUG,Sweeper,Consumer,The 2018 Inferno Collection,1-Sep-18,
UMP-45,Mudder,Consumer,The 2018 Inferno Collection,1-Sep-18,
MAG-7,Rust Coat,Consumer,The 2018 Inferno Collection,1-Sep-18,
M4A1-S,Control Panel,Classified,The 2018 Nuke Collection,1-Sep-18,
Tec-9,Remote Control,Classified,The 2018 Nuke Collection,1-Sep-18,
Glock-18,Nuclear Garden,Restricted,The 2018 Nuke Collection,1-Sep-18,
MAG-7,Core Breach,Restricted,The 2018 Nuke Collection,1-Sep-18,
AUG,Random Access,Restricted,The 2018 Nuke Collection,1-Sep-18,
AWP,Acheron,Mil-spec,The 2018 Nuke Collection,1-Sep-18,
P250,Exchanger,Mil-spec,The 2018 Nuke Collection,1-Sep-18,
MP5-SD,Co-Processor,Mil-spec,The 2018 Nuke Collection,1-Sep-18,
P90,Facility Negative,Mil-spec,The 2018 Nuke Collection,1-Sep-18,
Galil AR,Cold Fusion,Industrial,The 2018 Nuke Collection,1-Sep-18,
Negev,Bulkhead,Industrial,The 2018 Nuke Collection,1-Sep-18,
MP7,Motherboard,Industrial,The 2018 Nuke Collection,1-Sep-18,
M4A4,Mainframe,Industrial,The 2018 Nuke Collection,1-Sep-18,
Nova,Mandrel,Consumer,The 2018 Nuke Collection,1-Sep-18,
Five-SeveN,Coolant,Consumer,The 2018 Nuke Collection,1-Sep-18,
UMP-45,Facility Dark,Consumer,The 2018 Nuke Collection,1-Sep-18,
P250,Facility Draft,Consumer,The 2018 Nuke Collection,1-Sep-18,
PP-Bizon,Facility Sketch,Consumer,The 2018 Nuke Collection,1-Sep-18,
MP5-SD,Lab Rats,Restricted,The Blacksite Collection,6-Dec-18,
AWP,Neo-Noir,Covert,The Danger Zone Collection,6-Dec-18,
AK-47,Asiimov,Covert,The Danger Zone Collection,6-Dec-18,
MP5-SD,Phosphor,Classified,The Danger Zone Collection,6-Dec-18,
Desert Eagle,Mecha Industries,Classified,The Danger Zone Collection,6-Dec-18,
UMP-45,Momentum,Classified,The Danger Zone Collection,6-Dec-18,
USP-S,Flashback,Restricted,The Danger Zone Collection,6-Dec-18,
P250,Nevermore,Restricted,The Danger Zone Collection,6-Dec-18,
MAC-10,Pipe Down,Restricted,The Danger Zone Collection,6-Dec-18,
Galil AR,Signal,Restricted,The Danger Zone Collection,6-Dec-18,
G3SG1,Scavenger,Restricted,The Danger Zone Collection,6-Dec-18,
Tec-9,Fubar,Mil-spec,The Danger Zone Collection,6-Dec-18,
SG 553,Danger Close,Mil-spec,The Danger Zone Collection,6-Dec-18,
Sawed-Off,Black Sand,Mil-spec,The Danger Zone Collection,6-Dec-18,
M4A4,Magnesium,Mil-spec,The Danger Zone Collection,6-Dec-18,
Nova,Wood Fired,Mil-spec,The Danger Zone Collection,6-Dec-18,
Glock-18,Oxide Blaze,Mil-spec,The Danger Zone Collection,6-Dec-18,
MP9,Modest Threat,Mil-spec,The Danger Zone Collection,6-Dec-18,
M4A4,The Emperor,Covert,The Prisma Collection,13-Mar-19,
Five-SeveN,Angry Mob,Covert,The Prisma Collection,13-Mar-19,
XM1014,Incinegator,Classified,The Prisma Collection,13-Mar-19,
AUG,Momentum,Classified,The Prisma Collection,13-Mar-19,
R8 Revolver,Skull Crusher,Classified,The Prisma Collection,13-Mar-19,
UMP-45,Moonrise,Restricted,The Prisma Collection,13-Mar-19,
MP5-SD,Gauss,Restricted,The Prisma Collection,13-Mar-19,
Desert Eagle,Light Rail,Restricted,The Prisma Collection,13-Mar-19,
Tec-9,Bamboozle,Restricted,The Prisma Collection,13-Mar-19,
AWP,Atheris,Restricted,The Prisma Collection,13-Mar-19,
P90,Off World,Mil-spec,The Prisma Collection,13-Mar-19,
P250,Verdigris,Mil-spec,The Prisma Collection,13-Mar-19,
MP7,Mischief,Mil-spec,The Prisma Collection,13-Mar-19,
Galil AR,Akoben,Mil-spec,The Prisma Collection,13-Mar-19,
MAC-10,Whitefish,Mil-spec,The Prisma Collection,13-Mar-19,
AK-47,Uncharted,Mil-spec,The Prisma Collection,13-Mar-19,
FAMAS,Crypsis,Mil-spec,The Prisma Collection,13-Mar-19,
P250,X-Ray,Restricted,The X-Ray Collection,29-Sep-19,
AWP,Wildfire,Covert,The CS20 Collection,18-Oct-19,
FAMAS,Commemoration,Covert,The CS20 Collection,18-Oct-19,
AUG,Death by Puppy,Classified,The CS20 Collection,18-Oct-19,
P90,Nostalgia,Classified,The CS20 Collection,18-Oct-19,
MP9,Hydra,Classified,The CS20 Collection,18-Oct-19,
UMP-45,Plastique,Restricted,The CS20 Collection,18-Oct-19,
P250,Inferno,Restricted,The CS20 Collection,18-Oct-19,
Five-SeveN,Buddy,Restricted,The CS20 Collection,18-Oct-19,
MP5-SD,Agent,Restricted,The CS20 Collection,18-Oct-19,
M249,Aztec,Restricted,The CS20 Collection,18-Oct-19,
Glock-18,Sacrifice,Mil-spec,The CS20 Collection,18-Oct-19,
FAMAS,Decommissioned,Mil-spec,The CS20 Collection,18-Oct-19,
SCAR-20,Assault,Mil-spec,The CS20 Collection,18-Oct-19,
MAG-7,Popdog,Mil-spec,The CS20 Collection,18-Oct-19,
MAC-10,Classic Crate,Mil-spec,The CS20 Collection,18-Oct-19,
Tec-9,Flash Out,Mil-spec,The CS20 Collection,18-Oct-19,
Dual Berettas,Elite 1.6,Mil-spec,The CS20 Collection,18-Oct-19,
AWP,The Prince,Covert,The Canals Collection,18-Nov-19,
MAG-7,Cinquedea,Classified,The Canals Collection,18-Nov-19,
MP9,Stained Glass,Restricted,The Canals Collection,18-Nov-19,
MAC-10,Red Filigree,Restricted,The Canals Collection,18-Nov-19,
Nova,Baroque Orange,Restricted,The Canals Collection,18-Nov-19,
Dual Berettas,Emerald,Mil-spec,The Canals Collection,18-Nov-19,
G3SG1,Violet Murano,Mil-spec,The Canals Collection,18-Nov-19,
SSG 08,Orange Filigree,Mil-spec,The Canals Collection,18-Nov-19,
P90,Baroque Red,Mil-spec,The Canals Collection,18-Nov-19,
AK-47,Baroque Purple,Industrial,The Canals Collection,18-Nov-19,
SG 553,Candy Apple,Industrial,The Canals Collection,18-Nov-19,
Tec-9,Orange Murano,Industrial,The Canals Collection,18-Nov-19,
P250,Dark Filigree,Industrial,The Canals Collection,18-Nov-19,
CZ75-Auto,Indigo,Consumer,The Canals Collection,18-Nov-19,
R8 Revolver,Canal Spray,Consumer,The Canals Collection,18-Nov-19,
AUG,Navy Murano,Consumer,The Canals Collection,18-Nov-19,
Negev,Boroque Sand,Consumer,The Canals Collection,18-Nov-19,
SCAR-20,Stone Mosaico,Consumer,The Canals Collection,18-Nov-19,
AWP,Gungnir,Covert,The Norse Collection,18-Nov-19,
Negev,Mjlnir,Classified,The Norse Collection,18-Nov-19,
AUG,Flame Jrmungandr,Restricted,The Norse Collection,18-Nov-19,
Desert Eagle,Emerald Jrmungandr,Restricted,The Norse Collection,18-Nov-19,
P90,Astral Jrmungandr,Restricted,The Norse Collection,18-Nov-19,
CZ75-Auto,Emerald Quartz,Mil-spec,The Norse Collection,18-Nov-19,
MAC-10,Copper Borre,Mil-spec,The Norse Collection,18-Nov-19,
SCAR-20,Brass,Mil-spec,The Norse Collection,18-Nov-19,
XM1014,Frost Borre,Mil-spec,The Norse Collection,18-Nov-19,
MAG-7,Chainmail,Industrial,The Norse Collection,18-Nov-19,
M4A1-S,Moss Quartz,Industrial,The Norse Collection,18-Nov-19,
USP-S,Pathfinder,Industrial,The Norse Collection,18-Nov-19,
Dual Berettas,Pyre,Industrial,The Norse Collection,18-Nov-19,
MP7,Scorched,Consumer,The Norse Collection,18-Nov-19,
FAMAS,Night Borre,Consumer,The Norse Collection,18-Nov-19,
SSG 08,Red Stone,Consumer,The Norse Collection,18-Nov-19,
Galil AR,Tornado,Consumer,The Norse Collection,18-Nov-19,
SG 553,Barricade,Consumer,The Norse Collection,18-Nov-19,
AWP,Containment Breach,Covert,The Shattered Web Collection,18-Nov-19,
MAC-10,Stalker,Covert,The Shattered Web Collection,18-Nov-19,
SG 553,Colony IV,Classified,The Shattered Web Collection,18-Nov-19,
SSG 08,Bloodshot,Classified,The Shattered Web Collection,18-Nov-19,
Tec-9,Decimator,Classified,The Shattered Web Collection,18-Nov-19,
AK-47,Rat Rod,Restricted,The Shattered Web Collection,18-Nov-19,
AUG,Arctic Wolf,Restricted,The Shattered Web Collection,18-Nov-19,
MP7,Neon Ply,Restricted,The Shattered Web Collection,18-Nov-19,
PP-Bizon,Embargo,Restricted,The Shattered Web Collection,18-Nov-19,
P2000,Obsidian,Restricted,The Shattered Web Collection,18-Nov-19,
Dual Berettas,Balance,Mil-spec,The Shattered Web Collection,18-Nov-19,
G3SG1,Black Sand,Mil-spec,The Shattered Web Collection,18-Nov-19,
M249,Warbird,Mil-spec,The Shattered Web Collection,18-Nov-19,
MP5-SD,Acid Wash,Mil-spec,The Shattered Web Collection,18-Nov-19,
Nova,Plume,Mil-spec,The Shattered Web Collection,18-Nov-19,
R8 Revolver,Memento,Mil-spec,The Shattered Web Collection,18-Nov-19,
SCAR-20,Torn,Mil-spec,The Shattered Web Collection,18-Nov-19,
AK-47,Wild Lotus,Covert,The St. Marc Collection,18-Nov-19,
MP9,Wild Lily,Classified,The St. Marc Collection,18-Nov-19,
AUG,Midnight Lily,Restricted,The St. Marc Collection,18-Nov-19,
Glock-18,Synth Leaf,Restricted,The St. Marc Collection,18-Nov-19,
SSG 08,Sea Calico,Restricted,The St. Marc Collection,18-Nov-19,
FAMAS,Sundown,Mil-spec,The St. Marc Collection,18-Nov-19,
Five-SeveN,Crimson Blossom,Mil-spec,The St. Marc Collection,18-Nov-19,
MP7,Teal Blossom,Mil-spec,The St. Marc Collection,18-Nov-19,
UMP-45,Day Lily,Mil-spec,The St. Marc Collection,18-Nov-19,
M4A4,Dark Blossom,Industrial,The St. Marc Collection,18-Nov-19,
P90,Sunset Lily,Industrial,The St. Marc Collection,18-Nov-19,
Tec-9,Rust Leaf,Industrial,The St. Marc Collection,18-Nov-19,
XM1014,Banana Leaf,Industrial,The St. Marc Collection,18-Nov-19,
M249,Jungle,Consumer,The St. Marc Collection,18-Nov-19,
MAC-10,Surfwood,Consumer,The St. Marc Collection,18-Nov-19,
MP5-SD,Bamboo Garden,Consumer,The St. Marc Collection,18-Nov-19,
PP-Bizon,Seabird,Consumer,The St. Marc Collection,18-Nov-19,
Sawed-Off,Jungle Thicket,Consumer,The St. Marc Collection,18-Nov-19,
Glock-18,Bullet Queen,Covert,The Prisma 2 Collection,31-Mar-20,
M4A1-S,Player Two,Covert,The Prisma 2 Collection,31-Mar-20,
MAG-7,Justice,Classified,The Prisma 2 Collection,31-Mar-20,
MAC-10,Disco Tech,Classified,The Prisma 2 Collection,31-Mar-20,
AK-47,Phantom Disruptor,Classified,The Prisma 2 Collection,31-Mar-20,
SSG 08,Fever Dream,Restricted,The Prisma 2 Collection,31-Mar-20,
SG 553,Darkwing,Restricted,The Prisma 2 Collection,31-Mar-20,
SCAR-20,Enforcer,Restricted,The Prisma 2 Collection,31-Mar-20,
Sawed-Off,Apocalypto,Restricted,The Prisma 2 Collection,31-Mar-20,
P2000,Acid Etched,Restricted,The Prisma 2 Collection,31-Mar-20,
R8 Revolver,Bone Forged,Mil-spec,The Prisma 2 Collection,31-Mar-20,
Negev,Prototype,Mil-spec,The Prisma 2 Collection,31-Mar-20,
MP5-SD,Desert Strike,Mil-spec,The Prisma 2 Collection,31-Mar-20,
Desert Eagle,Blue Ply,Mil-spec,The Prisma 2 Collection,31-Mar-20,
CZ75-Auto,Distressed,Mil-spec,The Prisma 2 Collection,31-Mar-20,
AWP,Capillary,Mil-spec,The Prisma 2 Collection,31-Mar-20,
AUG,Tom Cat,Mil-spec,The Prisma 2 Collection,31-Mar-20,
AK-47,Legion of Anubis,Covert,The Fracture Collection,6-Aug-20,
Desert Eagle,Printstream,Covert,The Fracture Collection,6-Aug-20,
XM1014,Entombed,Classified,The Fracture Collection,6-Aug-20,
Glock-18,Vogue,Classified,The Fracture Collection,6-Aug-20,
M4A4,Tooth Fairy,Classified,The Fracture Collection,6-Aug-20,
MP5-SD,Kitbash,Restricted,The Fracture Collection,6-Aug-20,
Galil AR,Connexion,Restricted,The Fracture Collection,6-Aug-20,
MAC-10,Allure,Restricted,The Fracture Collection,6-Aug-20,
Tec-9,Brother,Restricted,The Fracture Collection,6-Aug-20,
MAG-7,Monster Call,Restricted,The Fracture Collection,6-Aug-20,
PP-Bizon,Runic,Mil-spec,The Fracture Collection,6-Aug-20,
P90,Freight,Mil-spec,The Fracture Collection,6-Aug-20,
P250,Cassette,Mil-spec,The Fracture Collection,6-Aug-20,
SSG 08,Mainframe 001,Mil-spec,The Fracture Collection,6-Aug-20,
SG 553,Ol' Rusty,Mil-spec,The Fracture Collection,6-Aug-20,
P2000,Gnarled,Mil-spec,The Fracture Collection,6-Aug-20,
Negev,Ultralight,Mil-spec,The Fracture Collection,6-Aug-20,
M4A1-S,Welcome to the Jungle,Covert,The Ancient Collection,3-Dec-20,
AK-47,Panthera onca,Classified,The Ancient Collection,3-Dec-20,
P90,Run and Hide,Classified,The Ancient Collection,3-Dec-20,
USP-S,Ancient Visions,Restricted,The Ancient Collection,3-Dec-20,
MAC-10,Gold Brick,Restricted,The Ancient Collection,3-Dec-20,
XM1014,Ancient Lore,Restricted,The Ancient Collection,3-Dec-20,
FAMAS,Dark Water,Mil-spec,The Ancient Collection,3-Dec-20,
Galil AR,Dusk Ruins,Mil-spec,The Ancient Collection,3-Dec-20,
AUG,Carved Jade,Mil-spec,The Ancient Collection,3-Dec-20,
Tec-9,Blast From the Past,Mil-spec,The Ancient Collection,3-Dec-20,
CZ75-Auto,Silver,Industrial,The Ancient Collection,3-Dec-20,
G3SG1,Ancient Ritual,Industrial,The Ancient Collection,3-Dec-20,
MP7,Tall Grass,Industrial,The Ancient Collection,3-Dec-20,
P2000,Panther Camo,Industrial,The Ancient Collection,3-Dec-20,
R8 Revolver,Night,Consumer,The Ancient Collection,3-Dec-20,
SSG 08,Jungle Dashed,Consumer,The Ancient Collection,3-Dec-20,
Nova,Army Sheen,Consumer,The Ancient Collection,3-Dec-20,
SG 553,Lush Ruins,Consumer,The Ancient Collection,3-Dec-20,
P90,Ancient Earth,Consumer,The Ancient Collection,3-Dec-20,
AWP,Fade,Covert,The Control Collection,3-Dec-20,
M4A1-S,Blue Phosphor,Classified,The Control Collection,3-Dec-20,
USP-S,Target Acquired,Classified,The Control Collection,3-Dec-20,
UMP-45,Crime Scene,Restricted,The Control Collection,3-Dec-20,
Five-SeveN,Berries And Cherries,Restricted,The Control Collection,3-Dec-20,
FAMAS,Prime Conspiracy,Restricted,The Control Collection,3-Dec-20,
SCAR-20,Magna Carta,Mil-spec,The Control Collection,3-Dec-20,
P2000,Dispatch,Mil-spec,The Control Collection,3-Dec-20,
SSG 08,Threat Detected,Mil-spec,The Control Collection,3-Dec-20,
M4A4,Global Offensive,Mil-spec,The Control Collection,3-Dec-20,
MAG-7,Carbon Fiber,Industrial,The Control Collection,3-Dec-20,
MP5-SD,Nitro,Industrial,The Control Collection,3-Dec-20,
Dual Berettas,Switch Board,Industrial,The Control Collection,3-Dec-20,
Desert Eagle,The Bronze,Industrial,The Control Collection,3-Dec-20,
CZ75-Auto,Jungle Dashed,Consumer,The Control Collection,3-Dec-20,
P250,Forest Night,Consumer,The Control Collection,3-Dec-20,
MP9,Army Sheen,Consumer,The Control Collection,3-Dec-20,
AUG,Surveillance,Consumer,The Control Collection,3-Dec-20,
XM1014,Charter,Consumer,The Control Collection,3-Dec-20,
AK-47,X-Ray,Covert,The Havoc Collection,3-Dec-20,
MAC-10,Hot Snakes,Classified,The Havoc Collection,3-Dec-20,
AWP,Silk Tiger,Classified,The Havoc Collection,3-Dec-20,
SG 553,Hypnotic,Restricted,The Havoc Collection,3-Dec-20,
Galil AR,Phoenix Blacklight,Restricted,The Havoc Collection,3-Dec-20,
Glock-18,Franklin,Restricted,The Havoc Collection,3-Dec-20,
P250,Bengal Tiger,Mil-spec,The Havoc Collection,3-Dec-20,
P90,Tiger Pit,Mil-spec,The Havoc Collection,3-Dec-20,
Negev,Phoenix Stencil,Mil-spec,The Havoc Collection,3-Dec-20,
Desert Eagle,Night Heist,Mil-spec,The Havoc Collection,3-Dec-20,
Nova,Rust Coat,Industrial,The Havoc Collection,3-Dec-20,
R8 Revolver,Phoenix Marker,Industrial,The Havoc Collection,3-Dec-20,
UMP-45,Houndstooth,Industrial,The Havoc Collection,3-Dec-20,
MP7,Vault Heist,Industrial,The Havoc Collection,3-Dec-20,
M249,Predator,Consumer,The Havoc Collection,3-Dec-20,
PP-Bizon,Death Rattle,Consumer,The Havoc Collection,3-Dec-20,
Sawed-Off,Clay Ambush,Consumer,The Havoc Collection,3-Dec-20,
Tec-9,Phoenix Chalk,Consumer,The Havoc Collection,3-Dec-20,
Dual Berettas,Heist,Consumer,The Havoc Collection,3-Dec-20,
M4A1-S,Printstream,Covert,The Operation Broken Fang Collection,3-Dec-20,
Glock-18,Neo-Noir,Covert,The Operation Broken Fang Collection,3-Dec-20,
M4A4,Cyber Security,Classified,The Operation Broken Fang Collection,3-Dec-20,
USP-S,Monster Mashup,Classified,The Operation Broken Fang Collection,3-Dec-20,
Five-SeveN,Fairy Tale,Classified,The Operation Broken Fang Collection,3-Dec-20,
UMP-45,Gold Bismuth,Restricted,The Operation Broken Fang Collection,3-Dec-20,
SSG 08,Parallax,Restricted,The Operation Broken Fang Collection,3-Dec-20,
Dual Berettas,Dezastre,Restricted,The Operation Broken Fang Collection,3-Dec-20,
AWP,Exoskeleton,Restricted,The Operation Broken Fang Collection,3-Dec-20,
Nova,Clear Polymer,Restricted,The Operation Broken Fang Collection,3-Dec-20,
MP5-SD,Condition Zero,Mil-spec,The Operation Broken Fang Collection,3-Dec-20,
M249,Deep Relief,Mil-spec,The Operation Broken Fang Collection,3-Dec-20,
P250,Contaminant,Mil-spec,The Operation Broken Fang Collection,3-Dec-20,
Galil AR,Vandal,Mil-spec,The Operation Broken Fang Collection,3-Dec-20,
G3SG1,Digital Mesh,Mil-spec,The Operation Broken Fang Collection,3-Dec-20,
P90,Cocoa Rampage,Mil-spec,The Operation Broken Fang Collection,3-Dec-20,
CZ75-Auto,Vendetta,Mil-spec,The Operation Broken Fang Collection,3-Dec-20,
M4A4,In Living Color,Covert,The Snakebite Collection,3-May-21,
USP-S,The Traitor,Covert,The Snakebite Collection,3-May-21,
Galil AR,Chromatic Aberration,Classified,The Snakebite Collection,3-May-21,
XM1014,XOXO,Classified,The Snakebite Collection,3-May-21,
MP9,Food Chain,Classified,The Snakebite Collection,3-May-21,
AK-47,Slate,Restricted,The Snakebite Collection,3-May-21,
Desert Eagle,Trigger Discipline,Restricted,The Snakebite Collection,3-May-21,
MAC-10,Button Masher,Restricted,The Snakebite Collection,3-May-21,
Negev,dev_texture,Restricted,The Snakebite Collection,3-May-21,
P250,Cyber Shell,Restricted,The Snakebite Collection,3-May-21,
Nova,Windblown,Mil-spec,The Snakebite Collection,3-May-21,
R8 Revolver,Junk Yard,Mil-spec,The Snakebite Collection,3-May-21,
UMP-45,Oscillator,Mil-spec,The Snakebite Collection,3-May-21,
CZ75-Auto,Circaetus,Mil-spec,The Snakebite Collection,3-May-21,
M249,O.S.I.P.R.,Mil-spec,The Snakebite Collection,3-May-21,
Glock-18,Clear Polymer,Mil-spec,The Snakebite Collection,3-May-21,
SG 553,Heavy Metal,Mil-spec,The Snakebite Collection,3-May-21,
AK-47,Gold Arabesque,Covert,The 2021 Dust 2 Collection,22-Sep-21,
UMP-45,Fade,Classified,The 2021 Dust 2 Collection,22-Sep-21,
SSG 08,Death Strike,Classified,The 2021 Dust 2 Collection,22-Sep-21,
MAC-10,Case Hardened,Restricted,The 2021 Dust 2 Collection,22-Sep-21,
USP-S,Orange Anolis,Restricted,The 2021 Dust 2 Collection,22-Sep-21,
M4A4,Red DDPAT,Restricted,The 2021 Dust 2 Collection,22-Sep-21,
Galil AR,Amber Fade,Mil-spec,The 2021 Dust 2 Collection,22-Sep-21,
G3SG1,New Roots,Mil-spec,The 2021 Dust 2 Collection,22-Sep-21,
P250,Black & Tan,Mil-spec,The 2021 Dust 2 Collection,22-Sep-21,
Nova,Quick Sand,Mil-spec,The 2021 Dust 2 Collection,22-Sep-21,
M249,Midnight Palm,Industrial,The 2021 Dust 2 Collection,22-Sep-21,
MP9,Old Roots,Industrial,The 2021 Dust 2 Collection,22-Sep-21,
AUG,Spalted Wood,Industrial,The 2021 Dust 2 Collection,22-Sep-21,
Five-SeveN,Withered Vine,Industrial,The 2021 Dust 2 Collection,22-Sep-21,
SG 553,Bleached,Consumer,The 2021 Dust 2 Collection,22-Sep-21,
MP7,Prey,Consumer,The 2021 Dust 2 Collection,22-Sep-21,
P90,Desert DDPAT,Consumer,The 2021 Dust 2 Collection,22-Sep-21,
Sawed-Off,Parched,Consumer,The 2021 Dust 2 Collection,22-Sep-21,
R8 Revolver,Desert Brush,Consumer,The 2021 Dust 2 Collection,22-Sep-21,
AWP,Desert Hydra,Covert,The 2021 Mirage Collection,22-Sep-21,
Desert Eagle,Fennec Fox,Classified,The 2021 Mirage Collection,22-Sep-21,
MP5-SD,Oxide Oasis,Classified,The 2021 Mirage Collection,22-Sep-21,
Glock-18,Pink DDPAT,Restricted,The 2021 Mirage Collection,22-Sep-21,
XM1014,Elegant Vines,Restricted,The 2021 Mirage Collection,22-Sep-21,
AUG,Sand Storm,Restricted,The 2021 Mirage Collection,22-Sep-21,
USP-S,Purple DDPAT,Mil-spec,The 2021 Mirage Collection,22-Sep-21,
M249,Humidor,Mil-spec,The 2021 Mirage Collection,22-Sep-21,
SG 553,Desert Blossom,Mil-spec,The 2021 Mirage Collection,22-Sep-21,
MP9,Music Box,Mil-spec,The 2021 Mirage Collection,22-Sep-21,
FAMAS,CaliCamo,Industrial,The 2021 Mirage Collection,22-Sep-21,
Dual Berettas,Drift Wood,Industrial,The 2021 Mirage Collection,22-Sep-21,
P90,Verdant Growth,Industrial,The 2021 Mirage Collection,22-Sep-21,
CZ75-Auto,Midnight Palm,Industrial,The 2021 Mirage Collection,22-Sep-21,
P250,Drought,Consumer,The 2021 Mirage Collection,22-Sep-21,
MAG-7,Navy Sheen,Consumer,The 2021 Mirage Collection,22-Sep-21,
PP-Bizon,Anolis,Consumer,The 2021 Mirage Collection,22-Sep-21,
SSG 08,Prey,Consumer,The 2021 Mirage Collection,22-Sep-21,
MAC-10,Sienna Damask,Consumer,The 2021 Mirage Collection,22-Sep-21,
M4A4,The Coalition,Covert,The 2021 Train Collection,22-Sep-21,
Glock-18,Gamma Doppler,Covert,The 2021 Train Collection,22-Sep-21,
USP-S,Whiteout,Classified,The 2021 Train Collection,22-Sep-21,
FAMAS,Meltdown,Classified,The 2021 Train Collection,22-Sep-21,
MAC-10,Propaganda,Classified,The 2021 Train Collection,22-Sep-21,
AWP,POP AWP,Restricted,The 2021 Train Collection,22-Sep-21,
Nova,Red Quartz,Restricted,The 2021 Train Collection,22-Sep-21,
CZ75-Auto,Syndicate,Restricted,The 2021 Train Collection,22-Sep-21,
MP5-SD,Autumn Twilly,Restricted,The 2021 Train Collection,22-Sep-21,
P2000,Space Race,Restricted,The 2021 Train Collection,22-Sep-21,
R8 Revolver,Blaze,Mil-spec,The 2021 Train Collection,22-Sep-21,
Desert Eagle,Sputnik,Mil-spec,The 2021 Train Collection,22-Sep-21,
M4A1-S,Fizzy POP,Mil-spec,The 2021 Train Collection,22-Sep-21,
AUG,Amber Fade,Mil-spec,The 2021 Train Collection,22-Sep-21,
Tec-9,Safety Net,Mil-spec,The 2021 Train Collection,22-Sep-21,
SSG 08,Spring Twilly,Mil-spec,The 2021 Train Collection,22-Sep-21,
UMP-45,Full Stop,Mil-spec,The 2021 Train Collection,22-Sep-21,
M4A1-S,Imminent Danger,Covert,The 2021 Vertigo Collection,22-Sep-21,
Five-SeveN,Fall Hazard,Classified,The 2021 Vertigo Collection,22-Sep-21,
SG 553,Hazard Pay,Classified,The 2021 Vertigo Collection,22-Sep-21,
Galil AR,CAUTION!,Restricted,The 2021 Vertigo Collection,22-Sep-21,
MAG-7,Prism Terrace,Restricted,The 2021 Vertigo Collection,22-Sep-21,
P250,Digital Architect,Restricted,The 2021 Vertigo Collection,22-Sep-21,
Negev,Infrastructure,Mil-spec,The 2021 Vertigo Collection,22-Sep-21,
AK-47,Green Laminate,Mil-spec,The 2021 Vertigo Collection,22-Sep-21,
Nova,Interlock,Mil-spec,The 2021 Vertigo Collection,22-Sep-21,
P90,Schematic,Mil-spec,The 2021 Vertigo Collection,22-Sep-21,
UMP-45,Mechanism,Industrial,The 2021 Vertigo Collection,22-Sep-21,
Glock-18,Red Tire,Industrial,The 2021 Vertigo Collection,22-Sep-21,
SSG 08,Carbon Fiber,Industrial,The 2021 Vertigo Collection,22-Sep-21,
PP-Bizon,Breaker Box,Industrial,The 2021 Vertigo Collection,22-Sep-21,
FAMAS,Faulty Wiring,Consumer,The 2021 Vertigo Collection,22-Sep-21,
CZ75-Auto,Framework,Consumer,The 2021 Vertigo Collection,22-Sep-21,
Dual Berettas,Oil Change,Consumer,The 2021 Vertigo Collection,22-Sep-21,
MAC-10,Strats,Consumer,The 2021 Vertigo Collection,22-Sep-21,
XM1014,Blue Tire,Consumer,The 2021 Vertigo Collection,22-Sep-21,
Desert Eagle,Ocean Drive,Covert,The Operation Riptide Collection,22-Sep-21,
AK-47,Leet Museo,Covert,The Operation Riptide Collection,22-Sep-21,
SSG 08,Turbo Peek,Classified,The Operation Riptide Collection,22-Sep-21,
Glock-18,Snack Attack,Classified,The Operation Riptide Collection,22-Sep-21,
MAC-10,Toybox,Classified,The Operation Riptide Collection,22-Sep-21,
M4A4,Spider Lily,Restricted,The Operation Riptide Collection,22-Sep-21,
MP9,Mount Fuji,Restricted,The Operation Riptide Collection,22-Sep-21,
Five-SeveN,Boost Protocol,Restricted,The Operation Riptide Collection,22-Sep-21,
FAMAS,ZX Spectron,Restricted,The Operation Riptide Collection,22-Sep-21,
MAG-7,BI83 Spectrum,Restricted,The Operation Riptide Collection,22-Sep-21,
XM1014,Watchdog,Mil-spec,The Operation Riptide Collection,22-Sep-21,
USP-S,Black Lotus,Mil-spec,The Operation Riptide Collection,22-Sep-21,
PP-Bizon,Lumen,Mil-spec,The Operation Riptide Collection,22-Sep-21,
MP7,Guerrilla,Mil-spec,The Operation Riptide Collection,22-Sep-21,
G3SG1,Keeping Tabs,Mil-spec,The Operation Riptide Collection,22-Sep-21,
Dual Berettas,Tread,Mil-spec,The Operation Riptide Collection,22-Sep-21,
AUG,Plague,Mil-spec,The Operation Riptide Collection,22-Sep-21,
AK-47,Nightwish,Covert,The Dreams & Nightmares Collection,20-Jan-22,
MP9,Starlight Protector,Covert,The Dreams & Nightmares Collection,20-Jan-22,
Dual Berettas,Melondrama,Classified,The Dreams & Nightmares Collection,20-Jan-22,
FAMAS,Rapid Eye Movement,Classified,The Dreams & Nightmares Collection,20-Jan-22,
MP7,Abyssal Apparition,Classified,The Dreams & Nightmares Collection,20-Jan-22,
PP-Bizon,Space Cat,Restricted,The Dreams & Nightmares Collection,20-Jan-22,
G3SG1,Dream Glade,Restricted,The Dreams & Nightmares Collection,20-Jan-22,
M4A1-S,Night Terror,Restricted,The Dreams & Nightmares Collection,20-Jan-22,
XM1014,Zombie Offensive,Restricted,The Dreams & Nightmares Collection,20-Jan-22,
USP-S,Ticket to Hell,Restricted,The Dreams & Nightmares Collection,20-Jan-22,
Five-SeveN,Scrawl,Mil-spec,The Dreams & Nightmares Collection,20-Jan-22,
MAC-10,Ensnared,Mil-spec,The Dreams & Nightmares Collection,20-Jan-22,
MAG-7,Foresight,Mil-spec,The Dreams & Nightmares Collection,20-Jan-22,
MP5-SD,Necro Jr.,Mil-spec,The Dreams & Nightmares Collection,20-Jan-22,
P2000,Lifted Spirits,Mil-spec,The Dreams & Nightmares Collection,20-Jan-22,
SCAR-20,Poultrygeist,Mil-spec,The Dreams & Nightmares Collection,20-Jan-22,
Sawed-Off,Spirit Board,Mil-spec,The Dreams & Nightmares Collection,20-Jan-22,
USP-S,Printstream,Covert,The Recoil Collection,1-Jul-22,
AWP,Chromatic Aberration,Covert,The Recoil Collection,1-Jul-22,
AK-47,Ice Coaled,Classified,The Recoil Collection,1-Jul-22,
P250,Visions,Classified,The Recoil Collection,1-Jul-22,
Sawed-Off,Kiss?Love,Classified,The Recoil Collection,1-Jul-22,
SG 553,Dragon Tech,Restricted,The Recoil Collection,1-Jul-22,
P90,Vent Rush,Restricted,The Recoil Collection,1-Jul-22,
Dual Berettas,Flora Carnivora,Restricted,The Recoil Collection,1-Jul-22,
R8 Revolver,Crazy 8,Restricted,The Recoil Collection,1-Jul-22,
M249,Downtown,Restricted,The Recoil Collection,1-Jul-22,
FAMAS,Meow 36,Mil-spec,The Recoil Collection,1-Jul-22,
Galil AR,Destroyer,Mil-spec,The Recoil Collection,1-Jul-22,
M4A4,Poly Mag,Mil-spec,The Recoil Collection,1-Jul-22,
MAC-10,Monkeyflage,Mil-spec,The Recoil Collection,1-Jul-22,
Negev,Drop Me,Mil-spec,The Recoil Collection,1-Jul-22,
UMP-45,Roadblock,Mil-spec,The Recoil Collection,1-Jul-22,
Glock-18,Winterized,Mil-spec,The Recoil Collection,1-Jul-22,
AK-47,Head Shot,Covert,The Revolution Collection,9-Feb-23,
M4A4,Temukau,Covert,The Revolution Collection,9-Feb-23,
P2000,Wicked Sick,Classified,The Revolution Collection,9-Feb-23,
UMP-45,Wild Child,Classified,The Revolution Collection,9-Feb-23,
P90,Neoqueen,Restricted,The Revolution Collection,9-Feb-23,
R8 Revolver,Banana Cannon,Restricted,The Revolution Collection,9-Feb-23,
M4A1-S,Emphorosaur-S,Restricted,The Revolution Collection,9-Feb-23,
MAC-10,Sakkaku,Restricted,The Revolution Collection,9-Feb-23,
Glock-18,Umbral Rabbit,Restricted,The Revolution Collection,9-Feb-23,
MAG-7,Insomnia,Mil-spec,The Revolution Collection,9-Feb-23,
MP9,Featherweight,Mil-spec,The Revolution Collection,9-Feb-23,
SCAR-20,Fragments,Mil-spec,The Revolution Collection,9-Feb-23,
P250,Re.built,Mil-spec,The Revolution Collection,9-Feb-23,
MP5-SD,Liquidation,Mil-spec,The Revolution Collection,9-Feb-23,
SG 553,Cyberforce,Mil-spec,The Revolution Collection,9-Feb-23,
Tec-9,Rebel,Mil-spec,The Revolution Collection,9-Feb-23,
AWP,Duality,Classified,The Revolution Collection,16-Feb-23,
M4A4,Eye of Horus,Covert,The Anubis Collection,24-Apr-23,
FAMAS,Waters of Nephthys,Classified,The Anubis Collection,24-Apr-23,
P250,Apep's Curse,Classified,The Anubis Collection,24-Apr-23,
Glock-18,Ramese's Reach,Restricted,The Anubis Collection,24-Apr-23,
Nova,Sobek's Bite,Restricted,The Anubis Collection,24-Apr-23,
P90,ScaraB Rush,Restricted,The Anubis Collection,24-Apr-23,
AWP,Black Nile,Mil-spec,The Anubis Collection,24-Apr-23,
AK-47,Steel Delta,Mil-spec,The Anubis Collection,24-Apr-23,
Tec-9,Mummy's Rot,Mil-spec,The Anubis Collection,24-Apr-23,
MAG-7,Copper Coated,Mil-spec,The Anubis Collection,24-Apr-23,
M4A1-S,Mud-Spec,Industrial,The Anubis Collection,24-Apr-23,
USP-S,Desert Tactical,Industrial,The Anubis Collection,24-Apr-23,
SSG 08,Azure Glyph,Industrial,The Anubis Collection,24-Apr-23,
MAC-10,Echoing Sands,Industrial,The Anubis Collection,24-Apr-23,
M249,Submerged,Consumer,The Anubis Collection,24-Apr-23,
R8 Revolver,Inlay,Consumer,The Anubis Collection,24-Apr-23,
XM1014,Hieroglyph,Consumer,The Anubis Collection,24-Apr-23,
AUG,Snake Pit,Consumer,The Anubis Collection,24-Apr-23,
MP7,Sunbaked,Consumer,The Anubis Collection,24-Apr-23,
AK-47,Inheritance,Covert,The Kilowatt Collection,6-Feb-24,
AWP,Chrome Cannon,Covert,The Kilowatt Collection,6-Feb-24,
USP-S,Jawbreaker,Classified,The Kilowatt Collection,6-Feb-24,
Zeus x27,Olympus,Classified,The Kilowatt Collection,6-Feb-24,
M4A1-S,Black Lotus,Classified,The Kilowatt Collection,6-Feb-24,
Sawed-Off,Analog Input,Restricted,The Kilowatt Collection,6-Feb-24,
MP7,Just Smile,Restricted,The Kilowatt Collection,6-Feb-24,
Five-SeveN,Hybrid,Restricted,The Kilowatt Collection,6-Feb-24,
M4A4,Etch Lord,Restricted,The Kilowatt Collection,6-Feb-24,
Glock-18,Block-18,Restricted,The Kilowatt Collection,6-Feb-24,
XM1014,Irezumi,Mil-spec,The Kilowatt Collection,6-Feb-24,
UMP-45,Motorized,Mil-spec,The Kilowatt Collection,6-Feb-24,
Tec-9,Slag,Mil-spec,The Kilowatt Collection,6-Feb-24,
SSG 08,Dezastre,Mil-spec,The Kilowatt Collection,6-Feb-24,
Nova,Dark Sigil,Mil-spec,The Kilowatt Collection,6-Feb-24,
MAC-10,Light Box,Mil-spec,The Kilowatt Collection,6-Feb-24,
Dual Berettas,Hideout,Mil-spec,The Kilowatt Collection,6-Feb-24,
Desert Eagle,Heat Treated,Classified,Limited Edition Item,2-Oct-24,
M4A1-S,Vaporwave,Covert,The Gallery Collection,2-Oct-24,
Glock-18,Gold Toof,Covert,The Gallery Collection,2-Oct-24,
UMP-45,Neo-Noir,Classified,The Gallery Collection,2-Oct-24,
P250,Epicenter,Classified,The Gallery Collection,2-Oct-24,
AK-47,The Outsiders,Classified,The Gallery Collection,2-Oct-24,
SSG 08,Rapid Transit,Restricted,The Gallery Collection,2-Oct-24,
P90,Randy Rush,Restricted,The Gallery Collection,2-Oct-24,
MAC-10,Saib? Oni,Restricted,The Gallery Collection,2-Oct-24,
M4A4,Turbine,Restricted,The Gallery Collection,2-Oct-24,
Dual Berettas,Hydro Strike,Restricted,The Gallery Collection,2-Oct-24,
USP-S,027,Mil-spec,The Gallery Collection,2-Oct-24,
SCAR-20,Trail Blazer,Mil-spec,The Gallery Collection,2-Oct-24,
R8 Revolver,Tango,Mil-spec,The Gallery Collection,2-Oct-24,
MP5-SD,Statics,Mil-spec,The Gallery Collection,2-Oct-24,
M249,Hypnosis,Mil-spec,The Gallery Collection,2-Oct-24,
Desert Eagle,Calligraffiti,Mil-spec,The Gallery Collection,2-Oct-24,
AUG,Luxe Trim,Mil-spec,The Gallery Collection,2-Oct-24,
AWP,CMYK,Covert,The Graphic Design Collection,2-Oct-24,
Desert Eagle,Starcade,Classified,The Graphic Design Collection,2-Oct-24,
AUG,Lil' Pig,Classified,The Graphic Design Collection,2-Oct-24,
P90,Attack Vector,Restricted,The Graphic Design Collection,2-Oct-24,
M4A4,Polysoup,Restricted,The Graphic Design Collection,2-Oct-24,
CZ75-Auto,Slalom,Restricted,The Graphic Design Collection,2-Oct-24,
XM1014,Halftone Shift,Mil-spec,The Graphic Design Collection,2-Oct-24,
SG 553,Berry Gel Coat,Mil-spec,The Graphic Design Collection,2-Oct-24,
SCAR-20,Wild Berry,Mil-spec,The Graphic Design Collection,2-Oct-24,
AK-47,Crossfade,Mil-spec,The Graphic Design Collection,2-Oct-24,
SSG 08,Halftone Whorl,Industrial,The Graphic Design Collection,2-Oct-24,
P2000,Coral Halftone,Industrial,The Graphic Design Collection,2-Oct-24,
MP7,Astrolabe,Industrial,The Graphic Design Collection,2-Oct-24,
M249,Spectrogram,Industrial,The Graphic Design Collection,2-Oct-24,
Galil AR,NV,Industrial,The Graphic Design Collection,2-Oct-24,
FAMAS,Halftone Wash,Industrial,The Graphic Design Collection,2-Oct-24,
AK-47,B the Monster,Covert,The Overpass 2024 Collection,2-Oct-24,
Zeus x27,Dragon Snore,Classified,The Overpass 2024 Collection,2-Oct-24,
AWP,Crakow!,Classified,The Overpass 2024 Collection,2-Oct-24,
XM1014,Monster Melt,Restricted,The Overpass 2024 Collection,2-Oct-24,
Dual Berettas,Sweet Little Angels,Restricted,The Overpass 2024 Collection,2-Oct-24,
AUG,Eye of Zapems,Restricted,The Overpass 2024 Collection,2-Oct-24,
Nova,Wurst Hlle,Mil-spec,The Overpass 2024 Collection,2-Oct-24,
MAC-10,Pipsqueak,Mil-spec,The Overpass 2024 Collection,2-Oct-24,
Glock-18,Teal Graf,Mil-spec,The Overpass 2024 Collection,2-Oct-24,
Galil AR,Metallic Squeezer,Mil-spec,The Overpass 2024 Collection,2-Oct-24,
MP5-SD,Neon Squeezer,Industrial,The Overpass 2024 Collection,2-Oct-24,
P90,Wash me,Industrial,The Overpass 2024 Collection,2-Oct-24,
Negev,Wall Bang,Industrial,The Overpass 2024 Collection,2-Oct-24,
M4A1-S,Wash me plz,Industrial,The Overpass 2024 Collection,2-Oct-24,
Five-SeveN,Midnight Paintover,Industrial,The Overpass 2024 Collection,2-Oct-24,
Desert Eagle,Tilted,Industrial,The Overpass 2024 Collection,2-Oct-24,
M4A1-S,Fade,Covert,The Sport & Field Collection,2-Oct-24,
Glock-18,AXIA,Classified,The Sport & Field Collection,2-Oct-24,
Galil AR,Rainbow Spoon,Classified,The Sport & Field Collection,2-Oct-24,
UMP-45,Crimson Foil,Restricted,The Sport & Field Collection,2-Oct-24,
MP9,Arctic Tri-Tone,Restricted,The Sport & Field Collection,2-Oct-24,
Five-SeveN,Heat Treated,Restricted,The Sport & Field Collection,2-Oct-24,
USP-S,Alpine Camo,Mil-spec,The Sport & Field Collection,2-Oct-24,
SSG 08,Zeno,Mil-spec,The Sport & Field Collection,2-Oct-24,
P250,Small Game,Mil-spec,The Sport & Field Collection,2-Oct-24,
Nova,Yorkshire,Mil-spec,The Sport & Field Collection,2-Oct-24,
MP5-SD,Savannah Halftone,Industrial,The Sport & Field Collection,2-Oct-24,
PP-Bizon,Cold Cell,Industrial,The Sport & Field Collection,2-Oct-24,
Tec-9,Tiger Stencil,Industrial,The Sport & Field Collection,2-Oct-24,
MAG-7,Wildwood,Industrial,The Sport & Field Collection,2-Oct-24,
FAMAS,Half Sleeve,Industrial,The Sport & Field Collection,2-Oct-24,
AK-47,Olive Polycam,Industrial,The Sport & Field Collection,2-Oct-24,
XM1014,Solitude,Restricted,Limited Edition Item,1-Apr-25,
M4A1-S,Stratosphere,Classified,The Ascent Collection,1-Apr-25,
AK-47,Midnight Laminate,Restricted,The Ascent Collection,1-Apr-25,
USP-S,Royal Guard,Restricted,The Ascent Collection,1-Apr-25,
Desert Eagle,Mint Fan,Mil-spec,The Ascent Collection,1-Apr-25,
FAMAS,Yeti Camo,Mil-spec,The Ascent Collection,1-Apr-25,
P2000,Royal Baroque,Mil-spec,The Ascent Collection,1-Apr-25,
MP9,Cobalt Paisley,Mil-spec,The Ascent Collection,1-Apr-25,
P90,Reef Grief,Mil-spec,The Ascent Collection,1-Apr-25,
Zeus x27,Electric Blue,Industrial,The Ascent Collection,1-Apr-25,
Nova,Turquoise Pour,Industrial,The Ascent Collection,1-Apr-25,
M4A4,Naval Shred Camo,Industrial,The Ascent Collection,1-Apr-25,
Galil AR,Robin's Egg,Industrial,The Ascent Collection,1-Apr-25,
Glock-18,Ocean Topo,Industrial,The Ascent Collection,1-Apr-25,
Dual Berettas,Rose Nacre,Industrial,The Ascent Collection,1-Apr-25,
Five-SeveN,Sky Blue,Industrial,The Ascent Collection,1-Apr-25,
XM1014,Gum Wall Camo,Industrial,The Ascent Collection,1-Apr-25,
Negev,Sour Grapes,Industrial,The Ascent Collection,1-Apr-25,
Tec-9,Blue Blast,Consumer,The Ascent Collection,1-Apr-25,
MP9,Buff Blue,Consumer,The Ascent Collection,1-Apr-25,
P90,Blue Tac,Consumer,The Ascent Collection,1-Apr-25,
P250,Plum Netting,Consumer,The Ascent Collection,1-Apr-25,
SG 553,Night Camo,Consumer,The Ascent Collection,1-Apr-25,
Sawed-Off,Runoff,Consumer,The Ascent Collection,1-Apr-25,
R8 Revolver,Cobalt Grip,Consumer,The Ascent Collection,1-Apr-25,
Galil AR,Grey Smoke,Consumer,The Ascent Collection,1-Apr-25,
SSG 08,Grey Smoke,Consumer,The Ascent Collection,1-Apr-25,
MP5-SD,Lime Hex,Consumer,The Ascent Collection,1-Apr-25,
MAC-10,Storm Camo,Consumer,The Ascent Collection,1-Apr-25,
AWP,Green Energy,Classified,The Boreal Collection,1-Apr-25,
Glock-18,Glockingbird,Restricted,The Boreal Collection,1-Apr-25,
M4A4,Sheet Lightning,Restricted,The Boreal Collection,1-Apr-25,
AK-47,Wintergreen,Mil-spec,The Boreal Collection,1-Apr-25,
USP-S,Tropical Breeze,Mil-spec,The Boreal Collection,1-Apr-25,
MAC-10,Poplar Thicket,Mil-spec,The Boreal Collection,1-Apr-25,
MP5-SD,Gold Leaf,Mil-spec,The Boreal Collection,1-Apr-25,
XM1014,Copperflage,Mil-spec,The Boreal Collection,1-Apr-25,
MAC-10,Acid Hex,Industrial,The Boreal Collection,1-Apr-25,
AK-47,VariCamo Grey,Industrial,The Boreal Collection,1-Apr-25,
P90,Mustard Gas,Industrial,The Boreal Collection,1-Apr-25,
R8 Revolver,Leafhopper,Industrial,The Boreal Collection,1-Apr-25,
Galil AR,Acid Dart,Industrial,The Boreal Collection,1-Apr-25,
SSG 08,Tiger Tear,Industrial,The Boreal Collection,1-Apr-25,
Tec-9,Garter-9,Industrial,The Boreal Collection,1-Apr-25,
P2000,Marsh,Industrial,The Boreal Collection,1-Apr-25,
Dual Berettas,Polished Malachite,Industrial,The Boreal Collection,1-Apr-25,
Zeus x27,Swamp DDPAT,Consumer,The Boreal Collection,1-Apr-25,
P250,Copper Oxide,Consumer,The Boreal Collection,1-Apr-25,
Negev,Raw Ceramic,Consumer,The Boreal Collection,1-Apr-25,
AUG,Commando Company,Consumer,The Boreal Collection,1-Apr-25,
SSG 08,Green Ceramic,Consumer,The Boreal Collection,1-Apr-25,
MP9,Pine,Consumer,The Boreal Collection,1-Apr-25,
FAMAS,Palm,Consumer,The Boreal Collection,1-Apr-25,
Tec-9,Raw Ceramic,Consumer,The Boreal Collection,1-Apr-25,
M249,Sage Camo,Consumer,The Boreal Collection,1-Apr-25,
MAG-7,Copper Oxide,Consumer,The Boreal Collection,1-Apr-25,
UMP-45,Green Swirl,Consumer,The Boreal Collection,1-Apr-25,
G3SG1,Green Cell,Consumer,The Boreal Collection,1-Apr-25,
AWP,Printstream,Covert,The Fever Collection,1-Apr-25,
FAMAS,Bad Trip,Covert,The Fever Collection,1-Apr-25,
UMP-45,K.O. Factory,Classified,The Fever Collection,1-Apr-25,
Glock-18,Shinobu,Classified,The Fever Collection,1-Apr-25,
AK-47,Searing Rage,Classified,The Fever Collection,1-Apr-25,
Zeus x27,Tosai,Restricted,The Fever Collection,1-Apr-25,
P90,Wave Breaker,Restricted,The Fever Collection,1-Apr-25,
Nova,Rising Sun,Restricted,The Fever Collection,1-Apr-25,
Galil AR,Control,Restricted,The Fever Collection,1-Apr-25,
Desert Eagle,Serpent Strike,Restricted,The Fever Collection,1-Apr-25,
XM1014,Mockingbird,Mil-spec,The Fever Collection,1-Apr-25,
USP-S,PC-GRN,Mil-spec,The Fever Collection,1-Apr-25,
SSG 08,Memorial,Mil-spec,The Fever Collection,1-Apr-25,
P2000,Sure Grip,Mil-spec,The Fever Collection,1-Apr-25,
MP9,Nexus,Mil-spec,The Fever Collection,1-Apr-25,
MAG-7,Resupply,Mil-spec,The Fever Collection,1-Apr-25,
M4A4,Choppa,Mil-spec,The Fever Collection,1-Apr-25,
AK-47,Nouveau Rouge,Classified,The Radiant Collection,1-Apr-25,
M4A1-S,Glitched Paint,Restricted,The Radiant Collection,1-Apr-25,
Desert Eagle,Mulberry,Restricted,The Radiant Collection,1-Apr-25,
USP-S,Bleeding Edge,Restricted,The Radiant Collection,1-Apr-25,
SSG 08,Blush Pour,Mil-spec,The Radiant Collection,1-Apr-25,
AWP,Arsenic Spill,Mil-spec,The Radiant Collection,1-Apr-25,
M4A1-S,Rose Hex,Mil-spec,The Radiant Collection,1-Apr-25,
P250,Red Tide,Mil-spec,The Radiant Collection,1-Apr-25,
Glock-18,Coral Bloom,Mil-spec,The Radiant Collection,1-Apr-25,
MP9,Shredded,Mil-spec,The Radiant Collection,1-Apr-25,
FAMAS,Grey Ghost,Industrial,The Radiant Collection,1-Apr-25,
M4A4,Steel Work,Industrial,The Radiant Collection,1-Apr-25,
P250,Sedimentary,Industrial,The Radiant Collection,1-Apr-25,
Galil AR,O-Ranger,Industrial,The Radiant Collection,1-Apr-25,
SG 553,Basket Halftone,Industrial,The Radiant Collection,1-Apr-25,
Tec-9,Citric Acid,Industrial,The Radiant Collection,1-Apr-25,
MP7,Short Ochre,Consumer,The Radiant Collection,1-Apr-25,
Five-SeveN,Autumn Thicket,Consumer,The Radiant Collection,1-Apr-25,
G3SG1,Red Jasper,Consumer,The Radiant Collection,1-Apr-25,
PP-Bizon,Wood Block Camo,Consumer,The Radiant Collection,1-Apr-25,
Dual Berettas,BorDeux,Consumer,The Radiant Collection,1-Apr-25,
Nova,Marsh Grass,Consumer,The Radiant Collection,1-Apr-25,
SCAR-20,Short Ochre,Consumer,The Radiant Collection,1-Apr-25,
XM1014,Canvas Cloud,Consumer,The Radiant Collection,1-Apr-25,
CZ75-Auto,Pink Pearl,Consumer,The Radiant Collection,1-Apr-25,
MAC-10,Bronzer,Consumer,The Radiant Collection,1-Apr-25,
P90,Desert Halftone,Consumer,The Radiant Collection,1-Apr-25,
MP9,Multi-Terrain,Consumer,The Radiant Collection,1-Apr-25,
AWP,LongDog,Covert,The Train 2025 Collection,1-Apr-25,
MP9,Latte Rush,Classified,The Train 2025 Collection,1-Apr-25,
M4A4,Hellish,Classified,The Train 2025 Collection,1-Apr-25,
Zeus x27,Charged Up,Restricted,The Train 2025 Collection,1-Apr-25,
Tec-9,Whiteout,Restricted,The Train 2025 Collection,1-Apr-25,
MAC-10,Derailment,Restricted,The Train 2025 Collection,1-Apr-25,
XM1014,Run Run Run,Mil-spec,The Train 2025 Collection,1-Apr-25,
UMP-45,Late Night Transit,Mil-spec,The Train 2025 Collection,1-Apr-25,
FAMAS,2A2F,Mil-spec,The Train 2025 Collection,1-Apr-25,
Glock-18,Green Line,Mil-spec,The Train 2025 Collection,1-Apr-25,
P250,Constructivist,Industrial,The Train 2025 Collection,1-Apr-25,
Nova,Rain Station,Industrial,The Train 2025 Collection,1-Apr-25,
Galil AR,Green Apple,Industrial,The Train 2025 Collection,1-Apr-25,
P90,Straight Dimes,Industrial,The Train 2025 Collection,1-Apr-25,
CZ75-Auto,Copper Fiber,Industrial,The Train 2025 Collection,1-Apr-25,
AUG,Steel Sentinel,Industrial,The Train 2025 Collection,1-Apr-25,
